height,timestamp_secs,energy,gas,tx_count
19900000,1716073583,177953,13247296,147
19900001,1716073595,47307,8259098,101
19900002,1716073607,106372,29972236,174
19900003,1716073619,56342,10020311,144
19900004,1716073631,56353,12691644,158
19900005,1716073643,44432,6214841,81
19900006,1716073655,73149,29223435,126
19900007,1716073667,31401,6215970,80
19900008,1716073679,29283,22869703,99
19900009,1716073691,48794,9906736,119
19900010,1716073703,56615,29998424,136
19900011,1716073715,131652,14918170,80
19900012,1716073727,47335,10092313,111
19900013,1716073739,35062,6725199,78
19900014,1716073751,92659,20005059,210
19900015,1716073763,43675,12100480,126
19900016,1716073775,14076,4877180,23
19900017,1716073787,97062,17140811,199
19900018,1716073799,73365,15076736,149
19900019,1716073811,67519,13341211,211
19900020,1716073823,193580,16087164,169
19900021,1716073835,39494,8564442,96
19900022,1716073847,65730,29016043,172
19900023,1716073859,59649,11178591,107
19900024,1716073871,57500,12119638,129
19900025,1716073883,90878,15248358,145
19900026,1716073895,45390,9979199,118
19900027,1716073907,47992,29990718,130
19900028,1716073919,40254,7505197,127
19900029,1716073931,92192,17768494,213
19900030,1716073943,52041,9647857,107
19900031,1716073955,41325,24029833,127
19900032,1716073967,152512,13674305,121
19900033,1716073979,69562,12296648,126
19900034,1716073991,17192,3429863,69
19900035,1716074003,83832,29996777,429
19900036,1716074015,98457,18528989,196
19900037,1716074027,31922,6365967,88
19900038,1716074039,69217,29998102,138
19900039,1716074051,45901,9128889,110
19900040,1716074063,31490,5719350,91
19900041,1716074075,97660,19200558,149
19900042,1716074087,48607,9002442,114
19900043,1716074099,54119,29985893,163
19900044,1716074111,150361,15505026,146
19900045,1716074123,48036,9151339,116
19900046,1716074135,59848,9350233,113
19900047,1716074147,81653,15863716,173
19900048,1716074159,39626,24904980,107
19900049,1716074171,48769,12380368,125
19900050,1716074183,53382,10170291,126
19900051,1716074195,48665,26068501,103
19900052,1716074207,40992,8854307,127
19900053,1716074219,76623,13744979,133
19900054,1716074231,80147,15058707,207
19900055,1716074243,176625,15364473,158
19900056,1716074255,59796,10572830,129
19900057,1716074267,58545,27634940,126
19900058,1716074279,47434,8764141,139
19900059,1716074291,84693,15844096,205
19900060,1716074303,49735,11454628,159
19900061,1716074315,69312,15150427,177
19900062,1716074327,60491,11435054,141
19900063,1716074339,59581,28321038,115
19900064,1716074351,158796,10983971,103
19900065,1716074363,54139,9894004,101
19900066,1716074375,54161,29968421,79
19900067,1716074387,49294,8981080,110
19900068,1716074399,50472,9385764,124
19900069,1716074411,79730,14292516,158
19900070,1716074423,53121,9107362,116
19900071,1716074435,55051,29984509,124
19900072,1716074447,28952,5428497,66
19900073,1716074459,145635,29996626,117
19900074,1716074471,58222,12651670,168
19900075,1716074483,36433,8571775,111
19900076,1716074495,49849,8029104,128
19900077,1716074507,169689,29990036,133
19900078,1716074519,45863,10933266,87
19900079,1716074531,48529,9265248,144
19900080,1716074543,103283,19107101,189
19900081,1716074555,18610,2565636,48
19900082,1716074567,72141,29981942,202
19900083,1716074579,34628,6890976,76
19900084,1716074591,71414,29995939,168
19900085,1716074603,26056,29999196,77
19900086,1716074615,39867,8110514,101
19900087,1716074627,166748,26789579,135
19900088,1716074639,42911,7424590,95
19900089,1716074651,70939,10388980,122
19900090,1716074663,39376,8033403,101
19900091,1716074675,70152,13267298,146
19900092,1716074687,41559,27891998,66
19900093,1716074699,68779,14688258,117
19900094,1716074711,145522,12374461,122
19900095,1716074723,36497,8120631,90
19900096,1716074735,54265,9950880,104
19900097,1716074747,58721,11133514,129
19900098,1716074759,54606,9722877,113
19900099,1716074771,43117,26252990,100
19900100,1716074783,36891,29965881,105
19900101,1716074795,27248,29993077,67
19900102,1716074807,37583,6622495,76
19900103,1716074819,46618,11274769,128
19900104,1716074831,47556,10468796,107
19900105,1716074843,42293,6876848,78
19900106,1716074855,31703,6351948,84
19900107,1716074867,46384,29979476,81
19900108,1716074879,214782,18433338,145
19900109,1716074891,35341,8468662,112
19900110,1716074903,51463,10951098,138
19900111,1716074915,48513,7980884,108
19900112,1716074927,40195,15542787,91
19900113,1716074939,5658,996091,20
19900114,1716074951,57776,29989426,297
19900115,1716074963,60299,11741254,142
19900116,1716074975,64439,29980214,204
19900117,1716074987,139324,12883495,138
19900118,1716074999,30659,6436874,83
19900119,1716075011,58751,12807543,158
19900120,1716075023,58633,29979727,152
19900121,1716075035,61720,11003512,111
19900122,1716075047,23724,4493634,69
19900123,1716075059,151578,29989282,130
19900124,1716075071,51910,11244266,143
19900125,1716075083,37749,9431146,105
19900126,1716075095,38728,7750966,89
19900127,1716075107,58491,29175058,117
19900128,1716075119,36392,7232547,82
19900129,1716075131,74963,17612477,169
19900130,1716075143,44383,19864545,97
19900131,1716075155,30659,5972236,90
19900132,1716075167,39511,24949970,98
19900133,1716075179,104207,7297355,81
19900134,1716075191,63367,11453015,152
19900135,1716075203,43673,29991417,92
19900136,1716075215,37334,7633448,81
19900137,1716075227,45014,9623112,101
19900138,1716075239,29589,29991840,101
19900139,1716075251,16207,3387697,80
19900140,1716075263,35608,29995244,102
19900141,1716075275,70317,13660106,127
19900142,1716075287,39891,9080575,111
19900143,1716075299,44190,9099237,96
19900144,1716075311,56984,11137108,121
19900145,1716075323,39880,29980046,90
19900146,1716075335,256025,11628595,103
19900147,1716075347,56183,11104710,125
19900148,1716075359,34136,7324230,87
19900149,1716075371,40390,29997746,103
19900150,1716075383,40138,7188716,95
19900151,1716075395,36553,15733519,85
19900152,1716075407,61474,11525610,135
19900153,1716075419,179144,14440685,151
19900154,1716075431,55118,10771669,140
19900155,1716075443,4802,680293,11
19900156,1716075455,68251,29976585,124
19900157,1716075467,62410,29886684,441
19900158,1716075479,7525,1292751,36
19900159,1716075491,138366,29934585,303
19900160,1716075503,42992,9012978,108
19900161,1716075515,51405,9825196,97
19900162,1716075527,145971,29842131,110
19900163,1716075539,44642,18819119,84
19900164,1716075551,51029,9906607,90
19900165,1716075563,36586,6668735,76
19900166,1716075575,57588,10781141,122
19900167,1716075587,30018,27355455,90
19900168,1716075599,28140,5256270,56
19900169,1716075611,51254,26370403,122
19900170,1716075623,77149,16960608,165
19900171,1716075635,132695,8499249,101
19900172,1716075647,67715,13457760,138
19900173,1716075659,62909,11787852,123
19900174,1716075671,74138,15933450,183
19900175,1716075683,64268,12879939,140
19900176,1716075695,44598,29571551,126
19900177,1716075707,31443,28348875,100
19900178,1716075719,4778,1074481,16
19900179,1716075731,71467,14327912,137
19900180,1716075743,178926,15403201,155
19900181,1716075755,25848,5101676,80
19900182,1716075767,68414,13617951,161
19900183,1716075779,40841,25282637,104
19900184,1716075791,38212,7991003,113
19900185,1716075803,82746,14675141,150
19900186,1716075815,27008,5267377,68
19900187,1716075827,70174,29998257,345
19900188,1716075839,6863,1028242,18
19900189,1716075851,169812,29990627,873
19900190,1716075863,59080,12270697,118
19900191,1716075875,61379,10667355,124
19900192,1716075887,82306,16898257,140
19900193,1716075899,69443,29995219,178
19900194,1716075911,154648,12374040,140
19900195,1716075923,48228,9888122,141
19900196,1716075935,51646,11127177,117
19900197,1716075947,42237,29988379,100
19900198,1716075959,48558,18087649,125
19900199,1716075971,9147,1765869,33
19900200,1716075983,8036,1653187,30
19900201,1716075995,139641,29989950,869
19900202,1716076007,69115,23301687,184
19900203,1716076019,163380,11680486,127
19900204,1716076031,18561,25200774,31
19900205,1716076043,132032,29999522,182
19900206,1716076055,39441,29464894,87
19900207,1716076067,29577,6350395,75
19900208,1716076079,36575,7150411,87
19900209,1716076091,41244,10145862,122
19900210,1716076103,41418,9577002,89
19900211,1716076115,114542,8315996,104
19900212,1716076127,5929,924446,22
19900213,1716076139,169174,29996326,103
19900214,1716076151,66174,20277129,196
19900215,1716076163,33032,5640641,97
19900216,1716076175,89317,22998863,197
19900217,1716076187,32767,7772305,86
19900218,1716076199,7306,985891,18
19900219,1716076211,165708,29851798,210
19900220,1716076223,186934,23131302,247
19900221,1716076235,31064,5651944,83
19900222,1716076259,96302,19068725,248
19900223,1716076271,46889,9360050,121
19900224,1716076283,61649,11564884,144
19900225,1716076295,50415,27212448,110
19900226,1716076307,39579,8148111,109
19900227,1716076319,42443,10249446,112
19900228,1716076331,49597,28302214,161
19900229,1716076343,25343,4880259,73
19900230,1716076355,41476,8110442,79
19900231,1716076367,64864,29986625,417
19900232,1716076379,189074,18141935,163
19900233,1716076391,33347,7691429,106
19900234,1716076403,63218,12524279,148
19900235,1716076415,41956,8445269,100
19900236,1716076427,60136,29997474,325
19900237,1716076439,65310,13011911,133
19900238,1716076451,47893,9762010,123
19900239,1716076463,4410,538473,16
19900240,1716076475,151090,29984544,1074
19900241,1716076487,99428,18875308,234
19900242,1716076499,160197,10088956,94
19900243,1716076511,42636,29987462,49
19900244,1716076523,56833,12747058,140
19900245,1716076535,33617,7309624,96
19900246,1716076547,55175,10489992,122
19900247,1716076559,55280,27657220,115
19900248,1716076571,61281,12712885,157
19900249,1716076583,65426,11861337,96
19900250,1716076595,45945,17626179,110
19900251,1716076607,133185,10412616,105
19900252,1716076619,77290,14821668,180
19900253,1716076631,47592,10107825,148
19900254,1716076643,35659,23488674,105
19900255,1716076655,68224,15059190,151
19900256,1716076667,33449,6925910,58
19900257,1716076679,56379,29991900,175
19900258,1716076691,70592,12837183,147
19900259,1716076703,31466,4825087,64
19900260,1716076715,46677,25003270,94
19900261,1716076727,131216,29994702,91
19900262,1716076739,30043,5389170,57
19900263,1716076751,76762,14437934,206
19900264,1716076763,31608,6174281,80
19900265,1716076775,65977,12278939,137
19900266,1716076787,47975,25714447,107
19900267,1716076799,10560,1865866,44
19900268,1716076811,43232,10338954,129
19900269,1716076823,79562,29992849,138
19900270,1716076835,127258,18299361,262
19900271,1716076847,201772,20023940,190
19900272,1716076859,42246,8902987,89
19900273,1716076871,44213,9980255,137
19900274,1716076883,70579,14134512,175
19900275,1716076895,56897,11505830,151
19900276,1716076907,44452,29985773,108
19900277,1716076919,71921,15251756,153
19900278,1716076931,11365,2891046,45
19900279,1716076943,7965,1493666,34
19900280,1716076955,138558,29996470,733
19900281,1716076967,182753,23254571,203
19900282,1716076979,31588,6598272,96
19900283,1716076991,82823,17894358,211
19900284,1716077003,72168,15850488,141
19900285,1716077015,58000,12662303,157
19900286,1716077027,153161,12408324,146
19900287,1716077039,96589,15814436,235
19900288,1716077051,80634,16098907,143
19900289,1716077063,41809,22862674,88
19900290,1716077075,64797,13778680,143
19900291,1716077087,7074,1374864,29
19900292,1716077099,61059,29991447,41
19900293,1716077123,44039,7659352,126
19900294,1716077135,155688,29897907,455
19900295,1716077147,198627,22261419,237
19900296,1716077159,43536,8614271,106
19900297,1716077171,14855,3603722,44
19900298,1716077183,122171,20748917,262
19900299,1716077195,53383,10215160,122
19900300,1716077207,36579,7633423,97
19900301,1716077219,144816,29998764,877
19900302,1716077231,7326,1395528,9
19900303,1716077243,146703,29996842,972
19900304,1716077255,202358,19186651,156
19900305,1716077267,61925,7961026,73
19900306,1716077279,109659,26040102,249
19900307,1716077291,60617,12609715,144
19900308,1716077303,155286,15926422,104
19900309,1716077315,58841,10973564,120
19900310,1716077327,60702,10873539,114
19900311,1716077339,38797,7364603,154
19900312,1716077351,71789,14183263,202
19900313,1716077363,61403,11634592,166
19900314,1716077375,39886,29996432,77
19900315,1716077387,55241,11194102,117
19900316,1716077399,195056,15234724,139
19900317,1716077411,58508,11013421,111
19900318,1716077423,32284,7406967,91
19900319,1716077435,71788,29999822,214
19900320,1716077447,45768,11489335,113
19900321,1716077459,198028,18727694,182
19900322,1716077471,47205,9574943,122
19900323,1716077483,32762,6732132,94
19900324,1716077495,60520,29991510,314
19900325,1716077507,196305,17197776,188
19900326,1716077519,47321,9808949,93
19900327,1716077531,68345,12574329,162
19900328,1716077543,47659,11160168,138
19900329,1716077555,50057,29994138,84
19900330,1716077567,10712,2236301,44
19900331,1716077579,50243,10059216,129
19900332,1716077591,152476,29997832,885
19900333,1716077603,8674,1134758,20
19900334,1716077615,68312,29982759,272
19900335,1716077627,228940,23187304,218
19900336,1716077639,30030,5931711,83
19900337,1716077651,52991,12356530,136
19900338,1716077663,73038,14366608,122
19900339,1716077675,56130,11932274,124
19900340,1716077687,66737,13458685,177
19900341,1716077699,50554,29980710,68
19900342,1716077711,72438,15618344,184
19900343,1716077723,140580,10792479,110
19900344,1716077735,65827,12499948,178
19900345,1716077747,88336,20948236,172
19900346,1716077759,39964,9761273,124
19900347,1716077771,81504,16823635,196
19900348,1716077783,38634,9535781,105
19900349,1716077795,30872,6515637,108
19900350,1716077807,71968,29989451,75
19900351,1716077819,63560,12087718,206
19900352,1716077831,81919,17889712,170
19900353,1716077843,67935,13157977,142
19900354,1716077855,58090,12632586,134
19900355,1716077867,39723,8339669,125
19900356,1716077879,57782,29997017,84
19900357,1716077891,53968,11589804,160
19900358,1716077903,210940,18262494,201
19900359,1716077915,49253,10162706,122
19900360,1716077927,62945,13771284,121
19900361,1716077939,47434,9981931,114
19900362,1716077951,54012,29998352,105
19900363,1716077963,62975,13671826,125
19900364,1716077975,49505,11348946,113
19900365,1716077987,10044,1769972,26
19900366,1716077999,136588,29980843,721
19900367,1716078011,163520,19698675,208
19900368,1716078023,146213,12524305,121
19900369,1716078035,64839,14954260,161
19900370,1716078047,70859,13965975,184
19900371,1716078059,37419,29994854,107
19900372,1716078071,169106,11700612,113
19900373,1716078083,46449,8553917,106
19900374,1716078095,88292,17768896,151
19900375,1716078107,43576,11228089,95
19900376,1716078119,66468,11623908,108
19900377,1716078131,93468,18444912,283
19900378,1716078143,44822,7456380,96
19900379,1716078155,42851,7723801,151
19900380,1716078167,6517,1072030,19
19900381,1716078179,189894,29986642,534
19900382,1716078191,227711,29989242,547
19900383,1716078203,42281,8492369,82
19900384,1716078215,53188,27394751,130
19900385,1716078227,171484,19762752,195
19900386,1716078239,34068,7032733,83
19900387,1716078251,97623,18667212,138
19900388,1716078263,33284,6374684,83
19900389,1716078275,85366,13566060,202
19900390,1716078287,6610,1185865,7
19900391,1716078299,146442,29993864,658
19900392,1716078311,105462,18600784,238
19900393,1716078323,223831,19883226,171
19900394,1716078335,8560,1364697,20
19900395,1716078347,250223,29996774,202
19900396,1716078359,105854,19219740,165
19900397,1716078371,43425,29979759,76
19900398,1716078383,161305,9867042,102
19900399,1716078395,43988,8871094,102
19900400,1716078407,64099,11878630,124
19900401,1716078419,49516,10743971,143
19900402,1716078431,59825,11995537,150
19900403,1716078443,97937,16001777,242
19900404,1716078455,102941,18710773,437
19900405,1716078467,63048,12418271,339
19900406,1716078479,169539,16353073,415
19900407,1716078491,57337,11200433,170
19900408,1716078503,77475,15445846,195
19900409,1716078515,55675,9914336,120
19900410,1716078527,58689,14256733,135
19900411,1716078539,56829,13907210,134
19900412,1716078551,64297,26196122,186
19900413,1716078563,49543,29917976,127
19900414,1716078575,41346,8340110,120
19900415,1716078587,6252,1029064,21
19900416,1716078599,14485,3144993,52
19900417,1716078611,153451,29993780,552
19900418,1716078623,39195,29995787,134
19900419,1716078635,35046,8173428,106
19900420,1716078647,203015,18885238,169
19900421,1716078659,49229,8648290,93
19900422,1716078671,94413,17158140,143
19900423,1716078683,57135,13949894,111
19900424,1716078695,122584,29987744,78
19900425,1716078707,45084,29997795,96
19900426,1716078719,7386,1071738,25
19900427,1716078731,112460,23140722,258
19900428,1716078743,11570,2256560,38
19900429,1716078755,95446,18576737,170
19900430,1716078767,5817,1136319,25
19900431,1716078779,4699,821417,25
19900432,1716078791,141745,29993374,658
19900433,1716078803,5507,1092712,19
19900434,1716078815,87893,29983931,147
19900435,1716078827,227178,29985188,69
19900436,1716078839,81151,17622513,207
19900437,1716078851,68689,9928652,125
19900438,1716078863,40593,8717080,114
19900439,1716078875,81821,15010534,148
19900440,1716078887,45338,10539226,105
19900441,1716078899,177039,17758855,257
19900442,1716078911,69850,14380513,154
19900443,1716078923,6907,988153,18
19900444,1716078935,89977,29982963,248
19900445,1716078947,62166,14262285,148
19900446,1716078959,33506,7422203,101
19900447,1716078971,71611,13945466,152
19900448,1716078983,170966,29992067,119
19900449,1716078995,82415,13499168,134
19900450,1716079007,51649,10606819,109
19900451,1716079019,79985,15910586,198
19900452,1716079031,22259,4818496,98
19900453,1716079043,10241,2486779,17
19900454,1716079055,149445,29994244,686
19900455,1716079067,71830,29983948,126
19900456,1716079079,68803,15376741,136
19900457,1716079091,187481,16855287,188
19900458,1716079103,221316,29984190,74
19900459,1716079115,29830,7256784,71
19900460,1716079127,171308,26349487,128
19900461,1716079139,28200,7457763,80
19900462,1716079151,14489,2852997,52
19900463,1716079163,207235,29986040,51
19900464,1716079175,170491,20539863,205
19900465,1716079187,34536,6751607,100
19900466,1716079199,205742,29830207,107
19900467,1716079211,61850,12603939,160
19900468,1716079223,50934,10190021,95
19900469,1716079235,62771,10509959,138
19900470,1716079247,252287,29826393,174
19900471,1716079259,29550,7441427,81
19900472,1716079271,11334,2926260,47
19900473,1716079283,193352,29996254,180
19900474,1716079295,170139,17958548,175
19900475,1716079307,48192,8900277,112
19900476,1716079319,56185,12611779,149
19900477,1716079331,60760,13277910,125
19900478,1716079343,268714,29113415,119
19900479,1716079355,33977,8480107,88
19900480,1716079367,35620,8354539,105
19900481,1716079379,212751,29979584,112
19900482,1716079391,65739,13133840,159
19900483,1716079403,48651,9891068,117
19900484,1716079415,134566,12444454,121
19900485,1716079427,62703,11438489,132
19900486,1716079439,199529,27297762,109
19900487,1716079451,77101,14645631,161
19900488,1716079463,46241,9716353,106
19900489,1716079475,57689,9559802,108
19900490,1716079487,58042,10047881,102
19900491,1716079499,217232,29994100,122
19900492,1716079511,36528,8171184,92
19900493,1716079523,27888,6210587,80
19900494,1716079535,235954,29987765,32
19900495,1716079547,52147,10173430,134
19900496,1716079559,41027,9953468,93
19900497,1716079571,206468,28639826,117
19900498,1716079583,40021,8103803,83
19900499,1716079595,36371,8783780,92
19900500,1716079607,221125,29979366,73
19900501,1716079619,8803,1590585,39
19900502,1716079631,186738,29980796,240
19900503,1716079643,14118,2331432,43
19900504,1716079655,142073,29982614,143
19900505,1716079667,167754,16244260,228
19900506,1716079679,182818,14883558,139
19900507,1716079691,96315,19326487,187
19900508,1716079703,34193,7604818,93
19900509,1716079715,79071,14021456,159
19900510,1716079727,70887,14891927,134
19900511,1716079739,45050,8489295,84
19900512,1716079751,184704,27429744,188
19900513,1716079763,57795,10962496,125
19900514,1716079775,49915,9174652,97
19900515,1716079787,34672,6864488,85
19900516,1716079799,223839,29965105,93
19900517,1716079811,92302,17273637,165
19900518,1716079823,44155,7866384,89
19900519,1716079835,5169,1018372,25
19900520,1716079847,209246,29991319,134
19900521,1716079859,62045,15086397,140
19900522,1716079871,163222,11164101,105
19900523,1716079883,209620,29386703,121
19900524,1716079895,58766,10893927,106
19900525,1716079907,58219,10688291,103
19900526,1716079919,57830,12200940,113
19900527,1716079931,44995,10760711,124
19900528,1716079943,200172,29353338,103
19900529,1716079955,31484,6788265,71
19900530,1716079967,36467,6973498,75
19900531,1716079979,223895,29992273,74
19900532,1716079991,162450,17067245,112
19900533,1716080003,88029,18255280,170
19900534,1716080015,44006,7907022,83
19900535,1716080027,42482,9601625,98
19900536,1716080039,44280,11017492,117
19900537,1716080051,209735,29775802,151
19900538,1716080063,4521,684915,20
19900539,1716080075,223958,29983586,55
19900540,1716080087,184294,17782393,204
19900541,1716080099,49558,10575716,112
19900542,1716080111,47255,9216848,128
19900543,1716080123,44950,10503671,112
19900544,1716080135,210048,29806109,114
19900545,1716080147,44552,9010537,94
19900546,1716080159,67972,16073034,137
19900547,1716080171,9965,1827561,33
19900548,1716080183,256380,29991730,100
19900549,1716080195,68458,15241760,149
19900550,1716080207,44236,10064150,108
19900551,1716080219,51975,9975275,102
19900552,1716080231,127902,25807417,247
19900553,1716080243,51636,10848716,121
19900554,1716080255,72715,13401432,124
19900555,1716080267,60518,10555843,128
19900556,1716080279,209999,29987202,93
19900557,1716080291,161767,12639648,107
19900558,1716080303,55860,10357548,112
19900559,1716080315,48232,8850834,97
19900560,1716080327,223750,29996562,82
19900561,1716080339,46262,10342971,110
19900562,1716080351,63466,12965796,124
19900563,1716080363,50368,9826737,99
19900564,1716080375,50867,29988728,48
19900565,1716080387,56138,9823597,121
19900566,1716080399,45011,8948098,102
19900567,1716080411,227747,23334324,307
19900568,1716080423,43005,9071173,150
19900569,1716080435,61685,12043134,184
19900570,1716080447,49896,8774308,109
19900571,1716080459,222532,29973958,87
19900572,1716080471,77845,15433696,150
19900573,1716080483,126467,7520518,80
19900574,1716080495,113766,18712529,146
19900575,1716080507,53701,9298477,120
19900576,1716080519,213119,29328803,108
19900577,1716080531,75720,13867569,148
19900578,1716080543,51038,10602764,113
19900579,1716080555,61393,12836401,118
19900580,1716080567,168647,9263206,79
19900581,1716080579,225217,29998857,89
19900582,1716080591,146841,9426904,96
19900583,1716080603,46911,10058143,95
19900584,1716080615,36023,7576869,96
19900585,1716080627,8488,1592700,33
19900586,1716080639,187262,29994824,163
19900587,1716080651,228885,29997787,148
19900588,1716080663,89455,19094969,185
19900589,1716080675,84082,14971732,121
19900590,1716080687,58880,9032663,86
19900591,1716080699,66350,11264437,105
19900592,1716080711,240867,20211899,180
19900593,1716080735,79544,16791298,176
19900594,1716080747,57868,11689378,135
19900595,1716080759,45782,8262798,92
19900596,1716080771,186103,29268947,153
19900597,1716080783,49868,10394844,109
19900598,1716080795,49457,10972058,102
19900599,1716080807,169347,12806070,138
19900600,1716080819,52359,29859107,99
19900601,1716080831,50911,11396593,135
19900602,1716080843,43305,7785112,83
19900603,1716080855,31183,19942313,81
19900604,1716080867,45384,8990023,77
19900605,1716080879,88693,15248474,170
19900606,1716080891,74985,12659516,117
19900607,1716080903,156751,20090369,160
19900608,1716080915,180639,12513167,122
19900609,1716080927,56816,10896345,117
19900610,1716080939,97210,17651265,127
19900611,1716080951,36421,6937974,93
19900612,1716080963,217142,29995447,139
19900613,1716080975,144127,26210222,109
19900614,1716080987,44321,7693970,95
19900615,1716080999,43286,8546918,90
19900616,1716081011,57737,10547003,111
19900617,1716081023,204866,28609776,116
19900618,1716081035,67561,14640620,158
19900619,1716081047,65284,26496522,115
19900620,1716081059,11053,2104917,34
19900621,1716081071,64447,14043272,132
19900622,1716081083,26073,5711620,77
19900623,1716081095,216700,29804419,118
19900624,1716081107,161762,12739957,117
19900625,1716081119,42813,22635355,95
19900626,1716081131,35978,5611518,64
19900627,1716081143,89661,14946018,141
19900628,1716081155,8078,1705278,10
19900629,1716081167,208896,29956925,140
19900630,1716081179,105909,19713104,176
19900631,1716081191,35667,7078154,76
19900632,1716081203,161620,28588067,151
19900633,1716081215,16752,2816324,56
19900634,1716081227,54017,11073792,121
19900635,1716081239,32413,29992776,89
19900636,1716081251,38958,7843125,83
19900637,1716081263,98113,20612216,191
19900638,1716081275,40902,8020459,84
19900639,1716081287,35451,6755564,91
19900640,1716081299,192235,27786647,76
19900641,1716081311,68643,11778369,126
19900642,1716081323,74993,17403814,168
19900643,1716081335,165988,9662844,96
19900644,1716081347,37546,8069951,90
19900645,1716081359,8976,1244022,22
19900646,1716081371,201725,29986332,193
19900647,1716081383,211812,29986390,101
19900648,1716081395,71100,13629922,140
19900649,1716081419,131315,22629228,221
19900650,1716081431,159155,14156087,143
19900651,1716081443,33933,7690470,90
19900652,1716081455,52239,8881431,118
19900653,1716081467,45293,7348723,88
19900654,1716081479,222871,29990591,83
19900655,1716081491,53259,11570762,115
19900656,1716081503,96733,18635566,173
19900657,1716081515,38829,7300580,101
19900658,1716081527,210462,29355860,129
19900659,1716081539,135253,9318636,91
19900660,1716081551,55892,11847171,123
19900661,1716081563,30556,5971334,77
19900662,1716081575,205277,29997474,120
19900663,1716081587,63174,12316252,128
19900664,1716081599,1190,0,0
19900665,1716081611,210850,29990921,133
19900666,1716081623,197135,16388025,158
19900667,1716081635,178151,28412574,146
19900668,1716081647,42839,9697988,97
19900669,1716081659,47206,9577655,180
19900670,1716081671,62237,26883233,120
19900671,1716081683,49952,9995237,104
19900672,1716081695,45009,8379631,100
19900673,1716081707,38158,7501740,90
19900674,1716081719,214284,29990231,102
19900675,1716081731,13893,2437892,36
19900676,1716081743,186494,27156060,123
19900677,1716081755,128624,10162045,84
19900678,1716081767,81326,14869218,185
19900679,1716081779,58844,11760135,130
19900680,1716081791,54328,11842728,131
19900681,1716081803,238256,29998890,40
19900682,1716081815,84905,16033197,147
19900683,1716081827,54816,16434831,161
19900684,1716081839,47243,10886913,104
19900685,1716081851,199228,13576617,127
19900686,1716081863,53486,11477886,128
19900687,1716081875,88747,14714823,147
19900688,1716081887,62919,12410773,139
19900689,1716081899,74990,15166979,149
19900690,1716081911,53891,11828909,123
19900691,1716081923,60181,11251255,103
19900692,1716081935,226559,29982139,78
19900693,1716081947,57498,10129456,112
19900694,1716081959,20916,4166805,47
19900695,1716081971,193722,29983740,161
19900696,1716081983,140550,14342644,138
19900697,1716081995,54148,9050585,104
19900698,1716082007,94702,15884719,154
19900699,1716082019,62249,10926073,116
19900700,1716082031,181945,28632980,169
19900701,1716082043,173406,12418046,127
19900702,1716082055,59486,12397507,210
19900703,1716082067,55621,11451918,128
19900704,1716082079,62442,12053694,122
19900705,1716082091,156849,27472825,148
19900706,1716082103,57165,14777087,111
19900707,1716082115,66992,13204246,143
19900708,1716082127,51516,11193747,109
19900709,1716082139,147877,11476838,113
19900710,1716082151,54274,10684628,124
19900711,1716082163,223805,29719090,112
19900712,1716082175,70768,16563146,170
19900713,1716082187,47420,8719306,100
19900714,1716082199,40424,7810273,75
19900715,1716082211,182116,27343970,185
19900716,1716082223,34565,7546412,120
19900717,1716082235,47311,9771738,120
19900718,1716082247,220034,29985339,89
19900719,1716082259,50841,11034481,126
19900720,1716082271,55183,18056571,113
19900721,1716082283,34264,6645720,91
19900722,1716082295,59663,11722819,111
19900723,1716082307,206013,29682634,120
19900724,1716082319,182194,15348747,154
19900725,1716082331,52096,12412220,104
19900726,1716082343,44163,10392925,100
19900727,1716082355,48353,18529787,113
19900728,1716082367,32480,7424361,75
19900729,1716082379,52389,11291299,92
19900730,1716082391,208352,29992320,105
19900731,1716082403,178458,17016787,137
19900732,1716082415,65218,12014808,109
19900733,1716082427,77383,15829404,139
19900734,1716082451,9943,2297038,40
19900735,1716082463,189485,29997267,209
19900736,1716082475,189908,19684855,126
19900737,1716082487,13674,2595500,40
19900738,1716082499,136913,26073338,243
19900739,1716082511,59892,13337786,126
19900740,1716082523,43885,9640410,100
19900741,1716082535,74830,12078624,130
19900742,1716082547,67423,13995757,143
19900743,1716082559,64271,15705845,127
19900744,1716082571,157144,14461899,122
19900745,1716082583,50097,9628387,127
19900746,1716082595,201885,29983426,119
19900747,1716082607,48112,9069914,98
19900748,1716082619,32230,6971429,91
19900749,1716082631,155140,29988228,131
19900750,1716082643,61910,12858015,150
19900751,1716082655,59258,11286204,116
19900752,1716082667,73377,13121547,125
19900753,1716082679,67822,17040262,132
19900754,1716082691,185169,16762556,124
19900755,1716082703,37148,8356439,94
19900756,1716082715,50806,10071385,109
19900757,1716082727,206795,29999965,146
19900758,1716082739,50777,9350704,100
19900759,1716082751,18057,3928240,50
19900760,1716082763,207070,29989258,108
19900761,1716082775,74069,18398526,143
19900762,1716082787,146085,11470470,105
19900763,1716082799,51741,10500334,106
19900764,1716082811,45813,8373431,100
19900765,1716082823,192714,26458991,86
19900766,1716082835,68806,17715255,153
19900767,1716082847,40558,8943030,112
19900768,1716082859,57173,10472865,102
19900769,1716082871,222802,29996240,86
19900770,1716082883,163887,11941967,112
19900771,1716082895,52000,14144010,124
19900772,1716082907,53756,11375939,113
19900773,1716082919,95643,20604537,139
19900774,1716082931,58172,10078489,110
19900775,1716082943,38718,7789192,97
19900776,1716082955,207928,29997653,132
19900777,1716082967,5184,1379806,21
19900778,1716082979,9484,1663493,41
19900779,1716082991,227758,29990381,37
19900780,1716083003,189742,29986843,220
19900781,1716083015,219102,22410014,195
19900782,1716083027,45130,9187896,106
19900783,1716083039,8694,1841835,39
19900784,1716083051,182049,29978284,164
19900785,1716083063,56594,12859334,137
19900786,1716083075,61397,12268207,129
19900787,1716083087,83627,23287063,116
19900788,1716083099,68273,12600306,107
19900789,1716083111,159197,13309497,126
19900790,1716083123,47016,10996199,103
19900791,1716083135,39883,8899295,97
19900792,1716083147,49566,8751042,105
19900793,1716083159,227669,29991226,69
19900794,1716083171,15231,2938535,45
19900795,1716083183,228865,29993776,91
19900796,1716083195,87097,15563117,146
19900797,1716083207,7854,1457062,26
19900798,1716083219,314688,29994084,164
19900799,1716083231,58438,12854873,137
19900800,1716083243,7831,1332660,36
19900801,1716083255,198351,29998719,150
19900802,1716083267,236645,25317213,255
19900803,1716083279,39664,8062722,97
19900804,1716083291,60309,13792846,123
19900805,1716083303,55760,10338930,106
19900806,1716083315,88411,19524253,175
19900807,1716083327,45677,10183425,114
19900808,1716083339,14393,2930241,33
19900809,1716083351,197527,29990421,150
19900810,1716083363,68215,13295192,179
19900811,1716083375,165744,16208699,143
19900812,1716083387,51591,9960383,100
19900813,1716083399,50041,10341795,103
19900814,1716083411,219123,29996422,101
19900815,1716083423,18307,3750212,31
19900816,1716083435,144084,27198054,272
19900817,1716083447,36122,7380283,86
19900818,1716083459,178083,19246385,173
19900819,1716083471,56962,11733947,113
19900820,1716083483,34850,9446020,97
19900821,1716083495,211191,28788938,122
19900822,1716083507,46405,8591739,98
19900823,1716083519,34061,6448637,72
19900824,1716083531,214249,29032471,132
19900825,1716083543,77553,15502560,160
19900826,1716083555,45920,8322379,83
19900827,1716083567,41093,7753759,102
19900828,1716083579,223476,29962627,85
19900829,1716083591,60113,10839117,108
19900830,1716083603,8095,1335190,33
19900831,1716083615,208994,29987687,111
19900832,1716083627,236061,26704621,239
19900833,1716083639,44652,7600635,98
19900834,1716083651,79705,14186295,142
19900835,1716083663,36436,10449695,94
19900836,1716083675,43235,8350431,120
19900837,1716083687,204284,29990764,107
19900838,1716083699,142813,11996568,111
19900839,1716083711,65402,12465672,136
19900840,1716083723,59696,11427676,105
19900841,1716083735,145272,23280100,131
19900842,1716083747,48472,10602372,120
19900843,1716083759,72303,13475876,129
19900844,1716083771,47154,9122389,128
19900845,1716083783,213985,29981312,89
19900846,1716083795,138179,10783943,117
19900847,1716083807,39057,8215899,94
19900848,1716083819,228267,29933894,86
19900849,1716083831,51398,11097212,167
19900850,1716083843,37135,8334007,82
19900851,1716083855,103359,19741134,185
19900852,1716083867,12708,2330797,29
19900853,1716083879,208607,29984352,140
19900854,1716083891,26973,8256231,66
19900855,1716083903,45979,8886302,92
19900856,1716083915,223900,29983194,86
19900857,1716083927,35390,7441435,88
19900858,1716083939,8601,1459268,32
19900859,1716083951,175825,29976111,199
19900860,1716083963,65264,13850733,153
19900861,1716083975,12540,2625105,41
19900862,1716083987,11190,2526878,37
19900863,1716083999,151874,29982818,313
19900864,1716084011,118548,29978259,305
19900865,1716084023,141412,13313861,168
19900866,1716084035,260594,29511266,312
19900867,1716084047,94068,10142357,126
19900868,1716084059,54287,13680430,116
19900869,1716084071,54359,10796636,155
19900870,1716084083,89136,19804590,145
19900871,1716084095,122771,21154801,149
19900872,1716084107,50985,10152256,119
19900873,1716084119,58633,11156318,102
19900874,1716084131,162230,13596175,114
19900875,1716084143,62113,12696147,119
19900876,1716084155,36769,7503866,113
19900877,1716084167,64848,20287243,124
19900878,1716084179,53382,10333106,115
19900879,1716084191,55540,10572461,127
19900880,1716084203,161928,29990396,340
19900881,1716084215,40668,29999745,87
19900882,1716084227,55383,12078784,141
19900883,1716084239,40701,8589302,101
19900884,1716084251,174550,13646913,134
19900885,1716084263,59532,10864586,133
19900886,1716084275,11186,2606051,38
19900887,1716084287,102932,19626015,216
19900888,1716084299,90827,15256784,153
19900889,1716084311,55066,10024407,107
19900890,1716084323,52388,10965317,114
19900891,1716084335,129375,29990509,841
19900892,1716084347,151736,13208586,126
19900893,1716084359,212225,19382893,202
19900894,1716084371,42140,29984812,98
19900895,1716084383,63572,12569941,133
19900896,1716084395,7363,1641344,33
19900897,1716084407,113828,27886569,249
19900898,1716084419,59227,11438267,104
19900899,1716084431,182444,14571536,159
19900900,1716084443,49451,10567719,121
19900901,1716084455,60869,11979365,126
19900902,1716084467,67490,14924950,159
19900903,1716084479,50363,9542488,133
19900904,1716084491,54412,10025514,128
19900905,1716084503,44745,10493317,126
19900906,1716084515,150301,29993244,1120
19900907,1716084527,56381,9662598,94
19900908,1716084539,46311,29980951,96
19900909,1716084551,15455,3139757,45
19900910,1716084563,187514,16342885,192
19900911,1716084575,51414,11461105,123
19900912,1716084587,40285,29989564,84
19900913,1716084599,56198,14127077,118
19900914,1716084611,61848,10617585,109
19900915,1716084623,40439,8867628,116
19900916,1716084635,134216,9613058,105
19900917,1716084647,144670,26020790,289
19900918,1716084659,44390,8651255,82
19900919,1716084671,70824,14141409,140
19900920,1716084683,36503,29995319,88
19900921,1716084695,61052,12474134,146
19900922,1716084707,50936,9938357,116
19900923,1716084719,84233,16846435,174
19900924,1716084731,52680,12081685,137
19900925,1716084743,56675,11847676,170
19900926,1716084755,161962,12412001,126
19900927,1716084767,7593,1434922,31
19900928,1716084779,146649,29992935,946
19900929,1716084791,83338,17742577,192
19900930,1716084803,5125,868540,14
19900931,1716084815,13781,2971152,51
19900932,1716084827,144592,29987694,713
19900933,1716084839,153437,30027530,1259
19900934,1716084851,228182,29330524,278
19900935,1716084863,56388,11693577,111
19900936,1716084875,7159,1358451,27
19900937,1716084887,86057,16710008,176
19900938,1716084899,55053,12036086,111
19900939,1716084911,73119,15051152,183
19900940,1716084923,49096,10648018,118
19900941,1716084935,133123,29979255,695
19900942,1716084947,60837,11464089,138
19900943,1716084959,44061,29981801,68
19900944,1716084971,204088,20108788,169
19900945,1716084983,47507,9995519,109
19900946,1716084995,78759,15394592,137
19900947,1716085007,54088,11888774,119
19900948,1716085019,72103,14580748,139
19900949,1716085031,32633,8157886,112
19900950,1716085043,69046,14030865,177
19900951,1716085055,53255,10823282,131
19900952,1716085067,99258,19612958,189
19900953,1716085079,46592,9251390,107
19900954,1716085091,175104,13364302,137
19900955,1716085103,65822,11733175,134
19900956,1716085115,7600,1285535,24
19900957,1716085127,156209,29999715,1136
19900958,1716085139,94050,22800670,228
19900959,1716085151,34157,7559178,101
19900960,1716085163,69087,14210905,113
19900961,1716085175,45993,8565924,89
19900962,1716085187,156864,29979223,1111
19900963,1716085199,37418,7781907,94
19900964,1716085211,56299,12463240,126
19900965,1716085223,195648,29989902,494
19900966,1716085235,49457,10227982,120
19900967,1716085247,64364,11590257,140
19900968,1716085259,38680,29981642,89
19900969,1716085271,55897,10772429,139
19900970,1716085283,190148,23606102,219
19900971,1716085295,79889,14983670,125
19900972,1716085307,180258,14821941,125
19900973,1716085319,51625,10510854,130
19900974,1716085331,89294,15931847,164
19900975,1716085343,51457,10181506,100
19900976,1716085355,56800,10941280,121
19900977,1716085367,54611,10199293,125
19900978,1716085379,203969,22805437,217
19900979,1716085391,65021,12743721,124
19900980,1716085403,59028,13196841,124
19900981,1716085415,73247,11683463,111
19900982,1716085427,70704,13659310,125
19900983,1716085439,33058,6441409,59
19900984,1716085451,10891,3247192,21
19900985,1716085463,146953,29979712,619
19900986,1716085475,102695,29983695,228
19900987,1716085487,242138,29989044,267
19900988,1716085499,68551,11106362,116
19900989,1716085511,67892,13856464,125
19900990,1716085523,48581,9416147,96
19900991,1716085535,72478,13162692,121
19900992,1716085547,58069,11531071,124
19900993,1716085559,68237,15535749,130
19900994,1716085571,181852,16362774,159
19900995,1716085583,5106,872193,24
19900996,1716085595,100581,29986035,330
19900997,1716085607,140275,26575357,179
19900998,1716085619,41618,29774193,95
19900999,1716085631,163493,15633973,149
19901000,1716085643,59407,12385273,124
19901001,1716085655,65313,12290542,107
19901002,1716085667,7394,1155566,38
19901003,1716085679,142117,25464932,238
19901004,1716085691,148708,14790401,127
19901005,1716085703,66220,12041349,116
19901006,1716085715,59527,12318432,135
19901007,1716085727,70822,14882640,130
19901008,1716085739,54049,10176528,103
19901009,1716085751,51762,10541004,136
19901010,1716085763,60137,10316025,116
19901011,1716085775,53086,13139561,136
19901012,1716085787,56441,9032992,106
19901013,1716085799,80125,20463750,351
19901014,1716085811,74482,16790351,217
19901015,1716085823,47950,29996088,100
19901016,1716085835,170340,16263031,185
19901017,1716085847,40185,8502964,120
19901018,1716085859,66844,12345180,109
19901019,1716085871,56023,11858635,118
19901020,1716085883,43105,29984796,94
19901021,1716085895,63342,12686852,136
19901022,1716085907,46795,9608845,96
19901023,1716085919,178584,13986815,131
19901024,1716085931,9581,1899367,33
19901025,1716085943,282371,29983694,404
19901026,1716085955,44016,29979343,84
19901027,1716085967,42250,7668511,107
19901028,1716085979,177778,16179236,147
19901029,1716085991,12455,2856382,44
19901030,1716086003,94054,18155513,213
19901031,1716086015,45201,11093876,106
19901032,1716086027,72715,15024572,137
19901033,1716086039,56872,14904060,137
19901034,1716086051,42385,8657855,88
19901035,1716086063,137767,29983504,78
19901036,1716086075,45945,9654637,121
19901037,1716086087,51135,10967269,111
19901038,1716086099,75151,13853907,129
19901039,1716086111,42362,8735579,106
19901040,1716086123,186836,23468980,303
19901041,1716086135,68980,13005703,149
19901042,1716086147,50889,9638499,115
19901043,1716086159,54962,10686149,152
19901044,1716086171,90816,23890233,164
19901045,1716086183,70038,14917460,165
19901046,1716086195,67686,14646724,120
19901047,1716086207,48302,9784171,103
19901048,1716086219,96378,29998600,158
19901049,1716086231,44344,10589358,109
19901050,1716086243,234461,25074162,186
19901051,1716086255,39998,29482117,86
19901052,1716086267,30608,5946408,64
19901053,1716086279,37107,7076440,76
19901054,1716086291,64816,13398407,144
19901055,1716086303,44162,8598613,101
19901056,1716086315,73827,14420031,204
19901057,1716086327,33920,7871640,113
19901058,1716086339,206504,22878528,311
19901059,1716086351,56873,12656170,144
19901060,1716086363,45084,9197855,125
19901061,1716086375,87104,14729041,165
19901062,1716086387,83554,16048721,149
19901063,1716086399,58571,11741991,155
19901064,1716086411,87934,21477780,121
19901065,1716086423,79922,18147590,169
19901066,1716086435,50717,9769289,156
19901067,1716086447,61116,16435477,136
19901068,1716086459,31447,6472258,104
19901069,1716086483,82700,29993722,123
19901070,1716086495,210296,22720139,231
19901071,1716086507,173565,13881491,116
19901072,1716086519,30045,26715235,58
19901073,1716086531,70540,14529519,158
19901074,1716086543,47333,9454745,93
19901075,1716086555,38193,7338081,78
19901076,1716086567,96112,20518279,218
19901077,1716086579,36039,8332234,92
19901078,1716086591,8145,1382004,21
19901079,1716086603,85647,27154080,202
19901080,1716086615,207120,20532235,185
19901081,1716086627,7400,1252261,24
19901082,1716086639,74693,29983743,143
19901083,1716086651,82618,18856734,148
19901084,1716086663,48266,29985198,53
19901085,1716086675,159854,17136227,157
19901086,1716086687,39118,8927098,83
19901087,1716086699,45334,10667300,117
19901088,1716086711,74180,15232764,140
19901089,1716086723,29699,6892766,68
19901090,1716086735,61472,26751006,129
19901091,1716086747,161792,12901647,113
19901092,1716086759,52355,12096426,101
19901093,1716086771,47131,9511521,118
19901094,1716086783,79994,29441970,189
19901095,1716086795,49886,10348001,103
19901096,1716086807,60012,11623169,122
19901097,1716086819,94796,17388975,205
19901098,1716086831,45645,9528732,111
19901099,1716086843,151430,17082254,181
19901100,1716086855,59751,12304537,146
19901101,1716086867,43570,9615668,94
19901102,1716086879,99199,19697754,226
19901103,1716086891,61891,14213405,139
19901104,1716086903,66127,13364714,128
19901105,1716086915,28217,27583087,72
19901106,1716086927,58211,11349975,122
19901107,1716086939,47891,9267053,88
19901108,1716086951,43701,9118450,90
19901109,1716086963,20647,7034035,61
19901110,1716086975,130779,29981869,213
19901111,1716086987,205798,24521379,215
19901112,1716086999,83605,29999474,73
19901113,1716087011,13305,2544988,26
19901114,1716087023,111925,22740156,263
19901115,1716087035,21588,6013984,74
19901116,1716087047,37749,7682257,93
19901117,1716087059,90503,18353382,194
19901118,1716087071,172208,12338102,120
19901119,1716087083,47142,11165957,112
19901120,1716087095,43129,8990339,101
19901121,1716087107,138763,22019085,206
19901122,1716087119,60497,11137184,90
19901123,1716087131,37774,7293853,76
19901124,1716087143,30528,24526542,70
19901125,1716087155,158168,28238889,162
19901126,1716087167,42474,29277059,89
19901127,1716087179,32402,7214891,84
19901128,1716087191,37421,7277720,86
19901129,1716087203,79225,20301563,161
19901130,1716087215,76038,13520899,171
19901131,1716087227,45495,9580089,106
19901132,1716087239,10174,1744531,38
19901133,1716087251,70264,29982692,108
19901134,1716087263,184824,22061115,231
19901135,1716087275,49891,11097456,116
19901136,1716087287,54287,10361188,111
19901137,1716087299,97290,17736129,128
19901138,1716087311,156409,13024306,123
19901139,1716087323,47949,8787364,107
19901140,1716087335,44537,8730519,129
19901141,1716087347,153577,29980521,187
19901142,1716087359,41803,29996735,87
19901143,1716087371,69996,16823370,142
19901144,1716087383,128821,10127806,110
19901145,1716087395,20861,4164857,69
19901146,1716087407,83441,19808549,191
19901147,1716087419,41096,7780337,90
19901148,1716087431,74151,15187651,158
19901149,1716087443,62742,12296643,145
19901150,1716087455,137721,13161698,137
19901151,1716087467,78547,15088187,128
19901152,1716087479,22979,4578008,74
19901153,1716087491,70878,28285170,135
19901154,1716087503,28059,5663915,86
19901155,1716087515,4410,811588,12
19901156,1716087527,182344,29991587,91
19901157,1716087539,122429,29984605,49
19901158,1716087551,50212,12189705,168
19901159,1716087563,239297,29998537,182
19901160,1716087575,53841,12957372,171
19901161,1716087587,61400,11754316,121
19901162,1716087599,38088,7652903,57
19901163,1716087611,215458,29980757,360
19901164,1716087623,61149,11613784,145
19901165,1716087635,41946,9618058,121
19901166,1716087647,82121,16302183,160
19901167,1716087659,157293,11921230,117
19901168,1716087671,86277,16962590,151
19901169,1716087683,50505,9764721,110
19901170,1716087695,51788,11748637,131
19901171,1716087707,33749,7415165,76
19901172,1716087719,103851,29989133,67
19901173,1716087731,44648,8619431,78
19901174,1716087743,145061,29745256,294
19901175,1716087755,37530,8587694,80
19901176,1716087767,148369,12961875,135
19901177,1716087779,53705,11856014,109
19901178,1716087791,21807,25175837,34
19901179,1716087803,79839,17701687,194
19901180,1716087815,48685,10280131,100
19901181,1716087827,86169,13536288,125
19901182,1716087839,62759,10800928,104
19901183,1716087851,149062,13881642,149
19901184,1716087863,56411,10352284,116
19901185,1716087875,49388,10990435,143
19901186,1716087887,86643,29225030,149
19901187,1716087899,40552,8821321,97
19901188,1716087911,49157,16648828,115
19901189,1716087923,50394,10793711,120
19901190,1716087935,21769,5606080,65
19901191,1716087947,66628,29995188,93
19901192,1716087959,183104,18406150,162
19901193,1716087971,59902,10635510,92
19901194,1716087983,87710,16384732,157
19901195,1716087995,29508,6842471,78
19901196,1716088007,76260,16037330,161
19901197,1716088019,38939,29980199,72
19901198,1716088031,26543,5343951,70
19901199,1716088043,84686,17081236,221
19901200,1716088055,48606,10223945,113
19901201,1716088067,42134,9866032,96
19901202,1716088079,46475,29992657,66
19901203,1716088103,83770,17309724,195
19901204,1716088115,228288,21958413,195
19901205,1716088127,33862,7291568,81
19901206,1716088139,63226,13047348,120
19901207,1716088151,55462,11588015,132
19901208,1716088163,59065,11870421,146
19901209,1716088175,82307,14537042,148
19901210,1716088187,20277,25721014,63
19901211,1716088199,82126,15726311,137
19901212,1716088211,38269,7832807,104
19901213,1716088223,64074,11766638,131
19901214,1716088235,139287,13736000,127
19901215,1716088247,52011,10158500,113
19901216,1716088259,85947,29981608,141
19901217,1716088271,11655,2097548,30
19901218,1716088283,95519,20933721,183
19901219,1716088295,40712,24782544,84
19901220,1716088307,7591,1355028,23
19901221,1716088319,73693,20869202,151
19901222,1716088331,148209,13103630,130
19901223,1716088343,38498,29997597,68
19901224,1716088355,73611,16553139,165
19901225,1716088367,61425,11291190,115
19901226,1716088379,52773,10825518,97
19901227,1716088391,7583,1459994,11
19901228,1716088403,58151,29989414,155
19901229,1716088415,222979,26215726,195
19901230,1716088427,65951,13419907,116
19901231,1716088439,6810,1230272,31
19901232,1716088451,115377,25321486,224
19901233,1716088463,38067,7976458,89
19901234,1716088475,60252,12328001,111
19901235,1716088487,70025,27590602,112
19901236,1716088499,62252,11000309,98
19901237,1716088511,43726,29854198,101
19901238,1716088523,154960,10563718,99
19901239,1716088535,70315,11045798,122
19901240,1716088547,52174,10430556,109
19901241,1716088559,60048,11915693,121
19901242,1716088571,9302,2368479,25
19901243,1716088583,152054,29982081,245
19901244,1716088595,55145,10653768,120
19901245,1716088607,95216,17206729,159
19901246,1716088619,42598,9041976,83
19901247,1716088631,57131,11040910,123
19901248,1716088643,85785,26433845,129
19901249,1716088655,147653,9457233,81
19901250,1716088667,75988,14407791,132
19901251,1716088679,66583,13093165,119
19901252,1716088691,27703,5707421,81
19901253,1716088703,89688,29982565,225
19901254,1716088715,49160,9552649,98
19901255,1716088727,43549,8159593,99
19901256,1716088739,59451,29987675,139
19901257,1716088751,38256,7611330,91
19901258,1716088763,74295,27211239,103
19901259,1716088775,42840,8392127,96
19901260,1716088787,207481,24279682,235
19901261,1716088799,53479,13493124,99
19901262,1716088811,49424,10426256,95
19901263,1716088823,163161,14353563,134
19901264,1716088835,43307,8737253,108
19901265,1716088847,80768,16530258,154
19901266,1716088859,79264,15570951,138
19901267,1716088871,55212,11516827,124
19901268,1716088883,70126,26082281,120
19901269,1716088895,45082,7581756,74
19901270,1716088907,203365,17100815,156
19901271,1716088919,38639,8790710,94
19901272,1716088931,76874,29986982,111
19901273,1716088943,49187,10716910,103
19901274,1716088955,31252,6145618,80
19901275,1716088967,49644,29975971,45
19901276,1716088979,186632,18328785,174
19901277,1716088991,55375,10740915,118
19901278,1716089003,81168,14989715,138
19901279,1716089015,142054,14320855,130
19901280,1716089027,46694,8800267,84
19901281,1716089039,139237,20511981,90
19901282,1716089051,104583,20208872,212
19901283,1716089063,27250,6422413,74
19901284,1716089075,51267,8951265,93
19901285,1716089087,87041,29991972,128
19901286,1716089099,212946,29984631,120
19901287,1716089111,67654,16296651,105
19901288,1716089123,39046,8340824,93
19901289,1716089135,39709,10137744,91
19901290,1716089147,58906,10705497,116
19901291,1716089159,228423,29980606,47
19901292,1716089171,189543,17761038,168
19901293,1716089183,49812,8208894,104
19901294,1716089195,45760,10756117,112
19901295,1716089207,48343,10116401,111
19901296,1716089219,225151,29986550,83
19901297,1716089231,70810,14609323,126
19901298,1716089243,16654,3021281,69
19901299,1716089255,211558,29982463,118
19901300,1716089267,10401,2227125,31
19901301,1716089279,178516,29985949,176
19901302,1716089291,53751,18015217,122
19901303,1716089303,167001,16182384,146
19901304,1716089315,46764,9871655,123
19901305,1716089327,63484,14457039,124
19901306,1716089339,151923,10754274,105
19901307,1716089351,59294,13435162,131
19901308,1716089363,41771,8227701,106
19901309,1716089375,186838,28812754,129
19901310,1716089387,29249,5646185,63
19901311,1716089399,33018,6516186,64
19901312,1716089411,211047,29998705,193
19901313,1716089423,223848,26702277,316
19901314,1716089435,40086,8323376,118
19901315,1716089447,54986,11044444,119
19901316,1716089459,8164,2005048,22
19901317,1716089471,160541,29991968,218
19901318,1716089483,56088,9927030,99
19901319,1716089495,76792,14159262,150
19901320,1716089507,131866,9180716,85
19901321,1716089519,212799,29985467,119
19901322,1716089531,49186,10504859,110
19901323,1716089543,37687,29957187,95
19901324,1716089555,51136,10461126,111
19901325,1716089567,44918,9149004,102
19901326,1716089579,56285,11848116,120
19901327,1716089591,44871,9664549,120
19901328,1716089603,177446,26390480,154
19901329,1716089615,156218,11834587,98
19901330,1716089627,33914,8191710,92
19901331,1716089639,49809,29988339,81
19901332,1716089651,32906,7920671,105
19901333,1716089663,71166,14941322,150
19901334,1716089675,59348,12606152,110
19901335,1716089687,161803,15352515,154
19901336,1716089699,51901,9676657,101
19901337,1716089711,144576,22961808,145
19901338,1716089723,36975,8231194,96
19901339,1716089735,74840,11707773,127
19901340,1716089747,204559,27914012,104
19901341,1716089759,57103,11469968,147
19901342,1716089771,152752,16780309,155
19901343,1716089783,28697,6217956,64
19901344,1716089795,236966,29998679,65
19901345,1716089807,49788,8893599,90
19901346,1716089819,90519,24174365,233
19901347,1716089831,38881,7674029,94
19901348,1716089843,42837,8588977,137
19901349,1716089855,9243,2057544,30
19901350,1716089867,211746,29990178,186
19901351,1716089879,90149,19210323,183
19901352,1716089891,29277,20009685,85
19901353,1716089903,33206,28459941,73
19901354,1716089915,191135,15894887,234
19901355,1716089927,42183,29994351,72
19901356,1716089939,38459,6680809,83
19901357,1716089951,54687,11070215,134
19901358,1716089963,55390,10964088,126
19901359,1716089975,68411,13034746,122
19901360,1716089987,51500,9800703,106
19901361,1716089999,44436,7454029,84
19901362,1716090011,172543,16560047,154
19901363,1716090023,37445,7883186,103
19901364,1716090035,73367,14298855,211
19901365,1716090047,71121,13550786,117
19901366,1716090059,58155,18054921,88
19901367,1716090071,62543,12861386,133
19901368,1716090083,204080,28642564,83
19901369,1716090095,4895,1304679,16
19901370,1716090107,9775,2394070,40
19901371,1716090119,197267,29984467,158
19901372,1716090131,194427,26347921,77
19901373,1716090143,33385,6754383,82
19901374,1716090155,39652,8292143,87
19901375,1716090167,217344,29992632,126
19901376,1716090179,28082,4746343,57
19901377,1716090191,209462,29998237,118
19901378,1716090203,37824,9794956,104
19901379,1716090215,224210,26498348,270
19901380,1716090227,48264,8908288,82
19901381,1716090239,167542,11797444,120
19901382,1716090251,76437,13123919,108
19901383,1716090263,50793,9665840,108
19901384,1716090275,86811,15723021,214
19901385,1716090287,24073,6327935,79
19901386,1716090299,200616,29989789,96
19901387,1716090311,47894,9191860,113
19901388,1716090323,15799,6150094,35
19901389,1716090335,200141,29983402,102
19901390,1716090347,149201,29985736,63
19901391,1716090359,63071,13271482,176
19901392,1716090371,73009,12509356,137
19901393,1716090383,42504,6822716,89
19901394,1716090395,61920,13034151,146
19901395,1716090407,29692,6526505,87
19901396,1716090419,217488,29980672,106
19901397,1716090431,49531,9675816,125
19901398,1716090443,157327,12625654,139
19901399,1716090455,171157,12365038,116
19901400,1716090467,211635,29400713,99
19901401,1716090479,23612,5800836,60
19901402,1716090491,9496,1847255,30
19901403,1716090503,215550,29982956,151
19901404,1716090515,91717,21582191,200
19901405,1716090527,40294,7107689,75
19901406,1716090539,47621,9547433,109
19901407,1716090551,226971,29989882,102
19901408,1716090563,188289,14893243,141
19901409,1716090575,26011,6561878,82
19901410,1716090587,74312,28862234,153
19901411,1716090599,41951,7904990,80
19901412,1716090611,53514,11405173,127
19901413,1716090623,48237,8187976,98
19901414,1716090635,92923,15916915,158
19901415,1716090647,38170,21360310,98
19901416,1716090659,138929,12334058,115
19901417,1716090671,54015,11479722,134
19901418,1716090683,7721,1309563,24
19901419,1716090695,133058,29985867,699
19901420,1716090707,37150,9421337,85
19901421,1716090719,29509,20140277,88
19901422,1716090731,97554,20230192,201
19901423,1716090743,39733,6794926,73
19901424,1716090755,65529,12814764,173
19901425,1716090767,63389,12276056,134
19901426,1716090779,185099,15756451,150
19901427,1716090791,56347,10172595,94
19901428,1716090803,249698,29990470,262
19901429,1716090815,29471,6157284,87
19901430,1716090827,35910,8108385,102
19901431,1716090839,96120,29995979,151
19901432,1716090851,49172,8824707,92
19901433,1716090863,36559,29978483,78
19901434,1716090875,89732,18664713,207
19901435,1716090887,54801,9907993,111
19901436,1716090899,56202,10404278,87
19901437,1716090911,38741,8132715,109
19901438,1716090923,41957,9484757,106
19901439,1716090935,66487,15606721,155
19901440,1716090947,230613,21889029,211
19901441,1716090959,43092,9234062,102
19901442,1716090971,47150,7793036,121
19901443,1716090983,89578,29991860,183
19901444,1716090995,130460,11648965,124
19901445,1716091007,53746,9586208,112
19901446,1716091019,79859,27190895,129
19901447,1716091031,30128,7207732,81
19901448,1716091043,68810,14861151,164
19901449,1716091055,37090,29965035,102
19901450,1716091067,42576,29994397,94
19901451,1716091079,63409,11539752,120
19901452,1716091091,50490,8844588,81
19901453,1716091103,143552,10466532,115
19901454,1716091115,58151,13028804,134
19901455,1716091127,47915,6882555,102
19901456,1716091139,40821,21518134,107
19901457,1716091151,62858,12153713,135
19901458,1716091163,42708,29986221,79
19901459,1716091175,49822,8515565,92
19901460,1716091187,6142,926821,13
19901461,1716091199,85050,16563258,215
19901462,1716091211,76054,15593235,253
19901463,1716091223,46058,9510541,131
19901464,1716091235,98309,28649885,163
19901465,1716091247,7755,1453203,27
19901466,1716091259,91312,29982376,100
19901467,1716091271,95506,15715956,173
19901468,1716091283,195023,17769181,170
19901469,1716091295,49389,13630577,92
19901470,1716091307,61615,16384993,144
19901471,1716091319,29584,27507823,74
19901472,1716091331,189665,16376150,129
19901473,1716091343,57793,10955488,85
19901474,1716091355,41651,9645056,103
19901475,1716091367,65075,13142223,127
19901476,1716091379,36815,29999629,84
19901477,1716091391,50125,12513414,153
19901478,1716091403,39554,29990248,85
19901479,1716091415,63162,12595831,120
19901480,1716091427,35128,6663327,89
19901481,1716091439,153296,13265466,149
19901482,1716091451,89105,15227961,162
19901483,1716091463,51672,12246257,115
19901484,1716091475,91562,21098606,120
19901485,1716091487,58039,11827715,130
19901486,1716091499,25564,3092313,44
19901487,1716091511,116926,22114618,204
19901488,1716091523,72694,15775205,167
19901489,1716091535,178741,15149006,143
19901490,1716091547,36671,6979995,74
19901491,1716091559,80698,14897101,181
19901492,1716091571,9280,1870839,35
19901493,1716091583,137656,29979069,318
19901494,1716091595,34985,7923628,72
19901495,1716091619,19707,3695397,66
19901496,1716091631,112476,27995749,258
19901497,1716091643,75836,29972628,176
19901498,1716091655,150943,11867161,135
19901499,1716091667,51494,10008564,93
19901500,1716091679,69388,14840204,158
19901501,1716091691,35654,7440175,107
19901502,1716091703,104974,25939034,231
19901503,1716091715,275608,14029663,129
19901504,1716091727,49500,7085939,74
19901505,1716091739,191980,29946174,215
19901506,1716091751,50238,11120187,116
19901507,1716091763,51502,11365541,148
19901508,1716091775,61035,12157746,143
19901509,1716091787,62224,28268407,145
19901510,1716091799,75329,13757443,103
19901511,1716091811,46954,9684762,100
19901512,1716091823,94887,18051813,197
19901513,1716091835,37457,8007067,90
19901514,1716091847,310109,15947696,127
19901515,1716091859,80725,14833292,122
19901516,1716091871,76993,14214527,165
19901517,1716091883,37672,7120743,79
19901518,1716091895,42036,29981104,120
19901519,1716091907,36447,7077008,78
19901520,1716091919,76033,29992778,123
19901521,1716091931,50604,8304491,96
19901522,1716091943,26471,5654921,86
19901523,1716091955,46392,16537378,139
19901524,1716091967,36517,22980864,83
19901525,1716091979,40357,7889097,82
19901526,1716091991,162697,29924668,122
19901527,1716092003,107848,24509499,282
19901528,1716092015,50582,10528001,116
19901529,1716092027,49327,9566077,95
19901530,1716092039,178368,13684158,123
19901531,1716092051,72303,15117919,124
19901532,1716092063,58709,11861555,110
19901533,1716092075,61418,11451536,115
19901534,1716092087,39556,29999782,95
19901535,1716092099,171549,10700283,98
19901536,1716092111,59099,10943180,115
19901537,1716092123,25072,4735302,56
19901538,1716092135,34479,29993309,96
19901539,1716092147,60515,11962582,98
19901540,1716092159,193380,20233678,162
19901541,1716092171,38999,8867594,119
19901542,1716092183,73163,12703389,144
19901543,1716092195,8396,1354730,27
19901544,1716092207,67556,29980780,129
19901545,1716092219,160456,23673524,180
19901546,1716092231,74305,13595471,139
19901547,1716092243,15819,2965609,59
19901548,1716092255,122296,22931858,233
19901549,1716092267,36805,7706073,74
19901550,1716092279,48235,10030145,99
19901551,1716092291,36275,21986346,76
19901552,1716092303,76416,14623506,147
19901553,1716092315,32579,29982302,80
19901554,1716092327,175086,12875890,129
19901555,1716092339,42915,8209589,94
19901556,1716092351,37962,8076944,97
19901557,1716092363,18698,26312422,55
19901558,1716092375,64743,13020914,161
19901559,1716092387,76511,11263335,117
19901560,1716092399,41611,8154992,98
19901561,1716092411,34710,29979115,70
19901562,1716092423,11709,2188084,38
19901563,1716092435,75288,29993550,183
19901564,1716092447,178443,19080799,188
19901565,1716092459,50483,9608781,101
19901566,1716092471,61652,11324968,145
19901567,1716092483,57706,10810861,111
19901568,1716092495,161048,13803953,121
19901569,1716092507,58189,11944681,111
19901570,1716092519,7631,1198211,19
19901571,1716092531,134800,29993399,595
19901572,1716092543,22460,27248372,53
19901573,1716092555,96120,27661618,123
19901574,1716092567,47581,7792316,110
19901575,1716092579,47906,9738235,123
19901576,1716092591,51371,10416902,126
19901577,1716092603,168490,14656888,126
19901578,1716092615,52077,9901894,104
19901579,1716092627,64660,26875234,130
19901580,1716092639,70200,11429506,108
19901581,1716092651,54428,9105988,92
19901582,1716092663,44692,8891836,93
19901583,1716092675,86747,29994096,227
19901584,1716092687,64093,12395974,123
19901585,1716092699,56088,10914294,126
19901586,1716092711,174742,15257992,140
19901587,1716092735,85978,20538392,201
19901588,1716092747,38561,7812931,81
19901589,1716092759,83824,16038996,174
19901590,1716092771,62079,12061334,135
19901591,1716092783,144190,14306061,161
19901592,1716092795,58493,11096725,161
19901593,1716092807,66677,18931958,157
19901594,1716092819,62328,11537108,139
19901595,1716092831,67108,26924482,144
19901596,1716092843,44669,7752190,129
19901597,1716092855,29257,19911508,86
19901598,1716092867,39713,8636440,85
19901599,1716092879,152163,28901806,111
19901600,1716092891,73667,16213991,169
19901601,1716092903,50073,7867935,90
19901602,1716092915,88941,11426168,78
19901603,1716092927,105618,17313401,128
19901604,1716092939,75896,14595164,162
19901605,1716092951,42071,9214737,112
19901606,1716092963,60208,25005651,146
19901607,1716092975,27524,5556396,85
19901608,1716092987,60723,26358625,128
19901609,1716092999,37279,7808051,89
19901610,1716093011,78496,29070653,229
19901611,1716093023,169477,11784352,136
19901612,1716093035,39416,8541830,118
19901613,1716093047,49876,10093409,112
19901614,1716093059,38651,21501765,89
19901615,1716093071,156912,14522570,148
19901616,1716093083,38001,7519231,83
19901617,1716093095,198674,29981424,105
19901618,1716093107,40540,7509479,69
19901619,1716093119,109522,19838499,221
19901620,1716093131,42227,8972186,97
19901621,1716093143,58791,25801086,109
19901622,1716093155,49779,9306916,112
19901623,1716093167,36941,7129188,83
19901624,1716093179,52086,23611066,111
19901625,1716093191,188956,18153376,163
19901626,1716093203,37360,10874212,62
19901627,1716093215,65272,24315187,147
19901628,1716093227,43336,9092857,109
19901629,1716093239,11165,2315242,34
19901630,1716093251,86945,29997638,188
19901631,1716093263,29057,7031014,72
19901632,1716093275,46576,21961357,99
19901633,1716093287,183816,18734086,126
19901634,1716093299,57745,11167844,108
19901635,1716093311,12253,5684250,57
19901636,1716093323,81695,29996630,189
19901637,1716093335,47864,10172622,124
19901638,1716093347,36647,7045697,67
19901639,1716093359,55228,25382422,128
19901640,1716093371,139352,8291739,97
19901641,1716093383,46522,22368166,99
19901642,1716093395,37262,7802294,95
19901643,1716093407,31216,19828096,71
19901644,1716093419,21420,5516289,58
19901645,1716093431,75272,29989546,134
19901646,1716093443,50641,10171604,132
19901647,1716093455,45674,8355518,91
19901648,1716093467,36829,20812749,78
19901649,1716093479,232351,26739525,182
19901650,1716093491,56346,15974515,146
19901651,1716093503,36797,8699099,82
19901652,1716093515,37329,7802981,88
19901653,1716093527,77978,13903558,145
19901654,1716093539,41119,21863300,101
19901655,1716093551,45457,13699268,129
19901656,1716093563,48837,10024803,101
19901657,1716093575,56477,25077870,111
19901658,1716093587,147786,10508355,89
19901659,1716093599,30659,6413372,78
19901660,1716093611,71315,25649638,138
19901661,1716093623,50020,7950609,75
19901662,1716093635,62192,24503725,118
19901663,1716093647,41039,7067153,77
19901664,1716093659,59299,24886476,120
19901665,1716093671,45753,9915469,104
19901666,1716093683,97219,19002380,182
19901667,1716093695,44213,8124814,82
19901668,1716093707,219892,21649925,167
19901669,1716093719,44371,7491071,80
19901670,1716093731,59457,24790792,115
19901671,1716093743,17449,2764102,20
19901672,1716093755,69605,29981268,143
19901673,1716093767,72493,14080253,182
19901674,1716093779,24448,5490402,70
19901675,1716093791,59106,29996070,130
19901676,1716093803,126802,9437515,107
19901677,1716093815,74476,13409306,129
19901678,1716093827,49858,10020181,96
19901679,1716093839,97170,20396883,199
19901680,1716093851,47555,9072318,95
19901681,1716093863,68018,19578117,124
19901682,1716093875,28842,5703065,76
19901683,1716093887,62374,26047886,155
19901684,1716093899,56799,13022435,102
19901685,1716093911,59854,10947486,115
19901686,1716093923,41957,22508251,97
19901687,1716093935,111850,18705755,170
19901688,1716093947,168638,13928672,93
19901689,1716093959,81732,13196324,104
19901690,1716093971,53514,10462074,122
19901691,1716093983,61436,12354925,124
19901692,1716093995,67701,13244766,145
19901693,1716094007,24912,18942950,61
19901694,1716094019,39841,7832020,82
19901695,1716094031,63661,28086366,174
19901696,1716094043,159363,14937209,183
19901697,1716094055,42192,12215985,89
19901698,1716094067,50032,9971325,104
19901699,1716094079,41581,21616586,97
19901700,1716094091,63170,14598639,146
19901701,1716094103,53559,9675626,109
19901702,1716094115,52494,23573660,117
19901703,1716094127,41274,8651547,101
19901704,1716094139,86500,16286567,125
19901705,1716094151,42637,29992907,96
19901706,1716094163,156888,9877310,117
19901707,1716094175,44128,8956377,95
19901708,1716094187,55216,11148532,102
19901709,1716094199,44053,8043702,108
19901710,1716094211,39618,29983362,66
19901711,1716094223,58802,12011085,214
19901712,1716094235,48384,9375154,104
19901713,1716094247,61379,26251693,154
19901714,1716094259,37958,7589519,79
19901715,1716094271,46994,10042192,122
19901716,1716094283,37718,22588642,119
19901717,1716094295,55182,10377004,113
19901718,1716094307,146151,29995166,77
19901719,1716094319,76737,13438997,137
19901720,1716094331,60102,10822991,155
19901721,1716094343,94301,16638975,162
19901722,1716094355,47119,14426170,93
19901723,1716094367,52139,10899572,125
19901724,1716094379,7539,897476,13
19901725,1716094391,113943,29983467,402
19901726,1716094403,173094,20813988,161
19901727,1716094415,47932,9364050,99
19901728,1716094427,35058,10353262,89
19901729,1716094439,68611,27987041,154
19901730,1716094451,36587,7115346,78
19901731,1716094463,68441,12471672,180
19901732,1716094475,40131,7400888,64
19901733,1716094487,186803,29922898,219
19901734,1716094499,37463,7708535,87
19901735,1716094511,186450,17893842,189
19901736,1716094523,46647,9355492,84
19901737,1716094535,54859,25375645,141
19901738,1716094547,44485,9334005,86
19901739,1716094559,53200,12155954,135
19901740,1716094571,63539,26330580,129
19901741,1716094583,37974,10359987,104
19901742,1716094595,63427,12038469,110
19901743,1716094607,57949,11384256,108
19901744,1716094619,51105,25091435,128
19901745,1716094631,41862,9603278,112
19901746,1716094643,52236,9918361,130
19901747,1716094655,180939,29988437,176
19901748,1716094667,62944,14071042,123
19901749,1716094679,55660,10756548,97
19901750,1716094691,40808,9361286,118
19901751,1716094703,105332,12172732,93
19901752,1716094715,55362,23646253,111
19901753,1716094727,46364,11992618,112
19901754,1716094739,43754,7603103,83
19901755,1716094751,87849,29991754,211
19901756,1716094763,150439,10053012,79
19901757,1716094775,62828,11748237,106
19901758,1716094787,60992,9556722,108
19901759,1716094799,27776,19984733,96
19901760,1716094811,55951,11905755,173
19901761,1716094823,47376,23205619,133
19901762,1716094835,84381,17055858,180
19901763,1716094847,47101,7458338,95
19901764,1716094859,38054,14243052,86
19901765,1716094871,77980,27211768,137
19901766,1716094883,52600,10899408,113
19901767,1716094895,167558,12164054,120
19901768,1716094907,47329,9219283,109
19901769,1716094919,6083,1218649,29
19901770,1716094931,52503,29190371,169
19901771,1716094943,75253,29984072,159
19901772,1716094955,133452,10782706,158
19901773,1716094967,46786,10684017,105
19901774,1716094979,37482,7829087,93
19901775,1716094991,75966,29982997,320
19901776,1716095003,29033,5984079,76
19901777,1716095015,65560,25795541,142
19901778,1716095027,42141,8424365,109
19901779,1716095039,36468,7650862,93
19901780,1716095051,160255,29832209,168
19901781,1716095063,33000,6473877,75
19901782,1716095075,61591,25508698,124
19901783,1716095087,35211,6240765,88
19901784,1716095099,41856,9531864,108
19901785,1716095111,15971,3569151,70
19901786,1716095123,78043,29988548,205
19901787,1716095135,57994,24228826,113
19901788,1716095147,147814,10468950,107
19901789,1716095159,63684,16140990,174
19901790,1716095171,65703,11842263,154
19901791,1716095183,76708,25074741,133
19901792,1716095195,36833,6623780,78
19901793,1716095207,47071,10710604,113
19901794,1716095219,78147,28701396,141
19901795,1716095231,58845,11807048,117
19901796,1716095243,160872,12555367,142
19901797,1716095255,60799,12496485,127
19901798,1716095267,59008,11476564,115
19901799,1716095279,59701,24049675,119
19901800,1716095291,51439,11317595,118
19901801,1716095303,27783,5309512,71
19901802,1716095315,60628,26341441,121
19901803,1716095327,67868,8956078,95
19901804,1716095339,142148,25112328,119
19901805,1716095351,49596,10214578,111
19901806,1716095363,63309,13269969,159
19901807,1716095375,70059,27022319,137
19901808,1716095387,37746,7693676,92
19901809,1716095399,48347,9549989,113
19901810,1716095411,64330,14066665,156
19901811,1716095423,156723,27918896,125
19901812,1716095435,53343,10545024,113
19901813,1716095447,38588,8051678,105
19901814,1716095459,34527,22138219,99
19901815,1716095471,66313,11912285,136
19901816,1716095483,45700,9372550,114
19901817,1716095495,65870,28296582,133
19901818,1716095507,47027,9420422,103
19901819,1716095519,52162,10372931,118
19901820,1716095531,56333,27014851,164
19901821,1716095543,156866,10904702,88
19901822,1716095555,58779,12287765,102
19901823,1716095567,82580,14048993,123
19901824,1716095579,100165,17841637,115
19901825,1716095591,10252,1866692,28
19901826,1716095603,72638,29997557,175
19901827,1716095615,78691,11341070,109
19901828,1716095627,8165,1515245,28
19901829,1716095639,171269,29988680,145
19901830,1716095651,85101,13972367,167
19901831,1716095663,60448,23654232,114
19901832,1716095687,278319,20024184,176
19901833,1716095699,192158,19019195,99
19901834,1716095711,162349,13752010,132
19901835,1716095723,150071,14117541,134
19901836,1716095735,40602,8587650,105
19901837,1716095747,36050,8694263,99
19901838,1716095759,99840,19926612,191
19901839,1716095771,45754,10950035,124
19901840,1716095783,51677,10165731,113
19901841,1716095795,157482,27212593,137
19901842,1716095807,41097,8617209,89
19901843,1716095819,41653,8481646,101
19901844,1716095831,52248,24451979,119
19901845,1716095843,35155,9900676,95
19901846,1716095855,10998,2473007,39
19901847,1716095867,94482,25991667,117
19901848,1716095879,169672,29985858,110
19901849,1716095891,31923,7348898,113
19901850,1716095903,76454,13331003,136
19901851,1716095915,52810,10156550,93
19901852,1716095927,86940,29066777,171
19901853,1716095939,61475,10219129,105
19901854,1716095951,44915,8834744,124
19901855,1716095963,48888,23452262,114
19901856,1716095975,158411,17540440,164
19901857,1716095987,37502,6767030,85
19901858,1716095999,50883,9393579,105
19901859,1716096011,56591,25243785,177
19901860,1716096023,62006,12081993,110
19901861,1716096035,54044,10092957,109
19901862,1716096047,56817,25095892,118
19901863,1716096059,31145,7043683,100
19901864,1716096083,130715,27704595,56
19901865,1716096095,179647,28301411,271
19901866,1716096107,60762,12824679,132
19901867,1716096119,29781,5995693,86
19901868,1716096131,90957,13122584,133
19901869,1716096143,46438,25243888,110
19901870,1716096155,47602,9693988,100
19901871,1716096167,16197,2875666,45
19901872,1716096179,90005,12993065,141
19901873,1716096191,55566,24426474,110
19901874,1716096203,10764,2147386,31
19901875,1716096215,88160,29997220,216
19901876,1716096227,85230,17351420,171
19901877,1716096239,68138,9899976,99
19901878,1716096251,74057,11230318,134
19901879,1716096263,10895,1839964,39
19901880,1716096275,66457,29981768,172
19901881,1716096287,78019,15663401,149
19901882,1716096299,170876,12370324,136
19901883,1716096311,17034,4429116,47
19901884,1716096323,74440,29985128,203
19901885,1716096335,139486,15735362,139
19901886,1716096347,62451,11468759,121
19901887,1716096359,56288,10940670,122
19901888,1716096371,61487,25438229,130
19901889,1716096383,49367,17097357,125
19901890,1716096395,65436,11477891,108
19901891,1716096407,152485,20216366,115
19901892,1716096419,62575,10738750,107
19901893,1716096431,59323,11633559,157
19901894,1716096443,66236,11827893,137
19901895,1716096455,50366,24045099,129
19901896,1716096467,76668,11067554,104
19901897,1716096479,49495,8687950,108
19901898,1716096491,58400,29991952,129
19901899,1716096503,56629,19179480,126
19901900,1716096515,39421,8645697,108
19901901,1716096527,152730,11023373,105
19901902,1716096539,68894,13051345,140
19901903,1716096551,43058,8928361,133
19901904,1716096563,72286,28212119,176
19901905,1716096575,48012,8687676,107
19901906,1716096587,44897,9348600,105
19901907,1716096599,176168,26441317,128
19901908,1716096611,64202,15314865,228
19901909,1716096623,55742,11453327,166
19901910,1716096635,147480,12273546,163
19901911,1716096647,68098,14099602,164
19901912,1716096659,50786,10288309,155
19901913,1716096671,67588,26964151,185
19901914,1716096683,37943,8127669,136
19901915,1716096695,42953,9897346,136
19901916,1716096707,62908,29975703,172
19901917,1716096719,38703,9068867,124
19901918,1716096731,57725,12555978,159
19901919,1716096743,71952,21762248,135
19901920,1716096755,12748,2499303,41
19901921,1716096767,83533,29998095,181
19901922,1716096779,56009,20006861,124
19901923,1716096791,48200,16323758,119
19901924,1716096803,176663,11974723,108
19901925,1716096815,79153,21329246,148
19901926,1716096827,50429,10580544,113
19901927,1716096839,54804,11463707,156
19901928,1716096851,54763,13757866,148
19901929,1716096863,38535,6673672,102
19901930,1716096875,66902,19787633,193
19901931,1716096887,145432,9995407,113
19901932,1716096899,53807,27895017,144
19901933,1716096911,40390,10760677,111
19901934,1716096923,75628,17620067,180
19901935,1716096935,47206,10019474,133
19901936,1716096947,31804,7077122,87
19901937,1716096959,64704,26107640,125
19901938,1716096971,51564,9849598,131
19901939,1716096983,68429,13266702,137
19901940,1716096995,36636,7735866,86
19901941,1716097007,50956,21462004,64
19901942,1716097019,64660,14249664,143
19901943,1716097031,171213,27372605,156
19901944,1716097043,41256,9801223,97
19901945,1716097055,71692,12580189,150
19901946,1716097067,33750,6858280,80
19901947,1716097079,66957,26524358,151
19901948,1716097091,11683,2775751,41
19901949,1716097103,48495,24645115,146
19901950,1716097115,38601,8055826,98
19901951,1716097127,146357,29983388,126
19901952,1716097139,58837,12115767,115
19901953,1716097151,47590,9283370,106
19901954,1716097163,37487,22554027,100
19901955,1716097175,58766,9980923,114
19901956,1716097187,129926,9350458,90
19901957,1716097199,42599,24843016,106
19901958,1716097211,49963,17978148,103
19901959,1716097223,38729,8140067,84
19901960,1716097235,55007,10596432,131
19901961,1716097247,42315,22097088,87
19901962,1716097259,32887,6717364,70
19901963,1716097271,77201,29988766,145
19901964,1716097283,45713,10355560,85
19901965,1716097295,29942,6680531,73
19901966,1716097307,62073,26591611,107
19901967,1716097319,142486,8334196,75
19901968,1716097331,55285,24418824,114
19901969,1716097343,34916,8095543,76
19901970,1716097355,44936,9327824,101
19901971,1716097367,55865,25467465,111
19901972,1716097379,3706,459360,16
19901973,1716097391,78165,28878110,204
19901974,1716097403,470894,12051896,70
19901975,1716097415,27335,5792043,69
19901976,1716097427,38808,22570339,87
19901977,1716097439,53258,24377611,91
19901978,1716097451,59875,11182908,130
19901979,1716097463,130564,11776793,100
19901980,1716097475,132037,9181899,86
19901981,1716097487,44916,22551503,98
19901982,1716097499,118127,28186938,232
19901983,1716097511,43175,8825757,122
19901984,1716097523,37205,7564521,86
19901985,1716097535,61294,10700767,134
19901986,1716097547,86996,29880228,146
19901987,1716097559,135054,9429271,84
19901988,1716097571,60479,12164169,165
19901989,1716097583,47315,10350954,98
19901990,1716097595,60990,25546955,96
19901991,1716097607,37941,7556370,90
19901992,1716097619,45273,20999980,90
19901993,1716097631,51663,9246608,125
19901994,1716097643,59025,25018653,133
19901995,1716097655,53479,9416310,105
19901996,1716097667,171857,13917358,103
19901997,1716097679,64695,12987959,117
19901998,1716097691,172237,26346671,100
19901999,1716097703,42679,8739242,88
19902000,1716097715,67510,11699492,118
19902001,1716097727,175551,11244000,106
19902002,1716097739,34144,21970272,73
19902003,1716097763,192325,20577822,222
19902004,1716097775,43121,8187480,93
19902005,1716097787,39885,7897895,80
19902006,1716097799,75088,28717938,144
19902007,1716097811,58279,12812711,110
19902008,1716097823,32037,5412856,72
19902009,1716097835,68209,26629813,127
19902010,1716097847,147652,9191213,87
19902011,1716097859,35924,7239200,94
19902012,1716097871,62193,26634785,181
19902013,1716097883,36126,7301359,73
19902014,1716097895,59550,23999862,114
19902015,1716097907,43970,8574672,79
19902016,1716097919,50671,24610911,101
19902017,1716097931,19447,5428036,82
19902018,1716097943,49562,23575259,102
19902019,1716097955,64673,11648727,113
19902020,1716097967,34908,7184293,74
19902021,1716097979,46079,24975802,104
19902022,1716097991,164328,11651718,95
19902023,1716098003,46461,10029335,114
19902024,1716098015,51385,23406191,109
19902025,1716098027,46797,9272839,84
19902026,1716098039,54270,24146946,116
19902027,1716098051,51914,9795184,139
19902028,1716098063,37843,8850601,82
19902029,1716098075,170656,29931253,122
19902030,1716098087,33470,5900917,72
19902031,1716098099,43779,21411326,86
19902032,1716098111,60121,14810075,149
19902033,1716098123,40334,7264326,91
19902034,1716098135,51814,24756167,113
19902035,1716098147,29277,6945055,74
19902036,1716098159,164799,27717814,115
19902037,1716098171,51523,10305146,114
19902038,1716098183,45216,9836965,109
19902039,1716098195,5834,855874,22
19902040,1716098207,94582,29989553,277
19902041,1716098231,13598,3603593,62
19902042,1716098243,54159,29988833,80
19902043,1716098255,139016,29831613,327
19902044,1716098267,112621,5419236,68
19902045,1716098279,65775,13893267,117
19902046,1716098291,46159,10500774,108
19902047,1716098303,58767,24328478,128
19902048,1716098315,37080,10263159,84
19902049,1716098327,59850,10855545,122
19902050,1716098339,42385,22486176,106
19902051,1716098351,50421,9611115,122
19902052,1716098363,27617,4831322,66
19902053,1716098375,80602,29991795,277
19902054,1716098387,54797,11404278,112
19902055,1716098399,150604,9785163,99
19902056,1716098411,74033,29990503,236
19902057,1716098423,31012,6217423,97
19902058,1716098435,53273,9992084,129
19902059,1716098447,81544,29993796,274
19902060,1716098459,34498,7941840,71
19902061,1716098471,104882,14459115,126
19902062,1716098483,76324,15905152,282
19902063,1716098495,160933,13813358,121
19902064,1716098507,50843,10975722,134
19902065,1716098519,50493,21800787,67
19902066,1716098531,50794,9994266,104
19902067,1716098543,86508,29791940,168
19902068,1716098555,52322,13269164,115
19902069,1716098567,25237,5233100,64
19902070,1716098579,57278,12519606,135
19902071,1716098591,13957,3122344,40
19902072,1716098603,86639,29988786,181
19902073,1716098615,190002,17152208,157
19902074,1716098627,51961,8744492,87
19902075,1716098639,64260,25964670,122
19902076,1716098651,45959,8054182,64
19902077,1716098663,72469,27324986,141
19902078,1716098675,42141,8676344,105
19902079,1716098687,56074,9655263,113
19902080,1716098699,51594,24812134,121
19902081,1716098711,44193,9903009,100
19902082,1716098723,45341,10011251,93
19902083,1716098735,55029,25604287,130
19902084,1716098747,8572,1426368,24
19902085,1716098759,73678,29974470,180
19902086,1716098771,181108,15201073,157
19902087,1716098783,37875,8342533,95
19902088,1716098795,44361,9331808,107
19902089,1716098807,169847,29991576,263
19902090,1716098819,33538,6754083,92
19902091,1716098831,56234,11689795,142
19902092,1716098843,66315,22743387,104
19902093,1716098855,76763,11999808,150
19902094,1716098867,49669,8794379,80
19902095,1716098879,185158,27686657,131
19902096,1716098891,42578,8459307,129
19902097,1716098903,56076,10286910,99
19902098,1716098915,46319,23764115,103
19902099,1716098927,49551,10392447,92
19902100,1716098939,53580,10864209,84
19902101,1716098951,182022,29979610,167
19902102,1716098963,38874,8434544,115
19902103,1716098975,57798,12723936,131
19902104,1716098987,67520,12434671,118
19902105,1716098999,3442,779461,6
19902106,1716099011,131612,29982615,265
19902107,1716099023,172220,29958291,141
19902108,1716099035,37401,7171121,71
19902109,1716099047,51358,10748905,125
19902110,1716099059,54189,25877938,140
19902111,1716099071,31541,8202989,80
19902112,1716099083,60357,10520969,118
19902113,1716099095,38996,22099579,92
19902114,1716099107,24207,4704540,66
19902115,1716099119,81343,29736902,187
19902116,1716099131,152177,8885292,99
19902117,1716099143,49936,9280721,104
19902118,1716099155,32285,20045777,84
19902119,1716099167,55889,12219735,144
19902120,1716099179,65854,25647377,115
19902121,1716099191,81871,16605730,165
19902122,1716099203,58679,10772657,107
19902123,1716099215,44874,9632532,92
19902124,1716099227,39028,8970777,102
19902125,1716099239,146046,29995000,163
19902126,1716099251,34102,7676699,57
19902127,1716099263,54559,10377632,128
19902128,1716099275,37891,21769154,100
19902129,1716099287,67277,12855761,124
19902130,1716099299,60870,11936884,119
19902131,1716099311,69481,27577913,150
19902132,1716099323,10372,2162283,32
19902133,1716099335,69073,29987971,145
19902134,1716099347,60736,12572484,126
19902135,1716099359,147604,12790235,126
19902136,1716099371,56061,11872614,170
19902137,1716099383,59420,11920784,105
19902138,1716099395,65124,25516607,131
19902139,1716099407,43197,9767971,105
19902140,1716099419,54563,14436627,136
19902141,1716099431,7223,1449744,27
19902142,1716099443,64803,29934515,148
19902143,1716099455,55850,12825811,162
19902144,1716099467,51123,12498732,99
19902145,1716099479,50665,23838938,119
19902146,1716099491,188370,18015283,165
19902147,1716099503,54204,11557727,94
19902148,1716099515,63508,13503049,121
19902149,1716099527,42385,8167663,94
19902150,1716099539,68911,26749316,129
19902151,1716099551,170200,14001687,116
19902152,1716099563,62005,11465394,129
19902153,1716099575,43555,8763200,100
19902154,1716099587,73070,26719965,149
19902155,1716099599,46559,9666190,98
19902156,1716099611,70660,18586327,147
19902157,1716099623,61336,12797142,138
19902158,1716099635,51429,9713980,124
19902159,1716099647,48995,25164316,121
19902160,1716099659,170488,17074644,141
19902161,1716099671,36650,9168650,110
19902162,1716099683,77914,14108604,134
19902163,1716099695,48813,10587728,119
19902164,1716099707,47503,23049832,94
19902165,1716099719,145073,12470584,111
19902166,1716099731,62447,12909200,159
19902167,1716099743,62601,12962041,135
19902168,1716099755,46885,9150370,91
19902169,1716099779,77733,29996764,201
19902170,1716099791,40517,8440467,92
19902171,1716099803,86206,18138085,169
19902172,1716099815,34279,9136854,78
19902173,1716099827,60935,27749079,143
19902174,1716099839,22479,4841900,62
19902175,1716099851,154274,10057681,102
19902176,1716099863,174794,29981103,96
19902177,1716099875,50921,11242507,136
19902178,1716099887,48573,9917375,109
19902179,1716099899,50299,10745335,130
19902180,1716099911,14886,3783845,52
19902181,1716099923,65677,29970147,154
19902182,1716099935,38494,20835402,73
19902183,1716099947,185392,18604758,179
19902184,1716099959,33101,6713844,81
19902185,1716099971,43790,21586168,94
19902186,1716099983,50022,9841065,109
19902187,1716099995,50912,9326519,117
19902188,1716100007,58047,25736439,138
19902189,1716100019,41805,8412619,85
19902190,1716100031,91031,29188448,184
19902191,1716100043,47676,9217583,115
19902192,1716100055,46167,9691639,106
19902193,1716100067,184490,14405239,122
19902194,1716100079,54202,25149792,126
19902195,1716100091,48964,12373290,105
19902196,1716100103,48549,9708464,108
19902197,1716100115,40411,10241114,106
19902198,1716100127,50460,24396901,120
19902199,1716100139,47680,10081778,104
19902200,1716100151,27268,5199900,73
19902201,1716100163,151036,29991395,89
19902202,1716100175,91491,21825445,231
19902203,1716100187,58978,13721430,100
19902204,1716100199,54139,9913797,93
19902205,1716100211,75100,15668274,251
19902206,1716100223,69320,14280189,172
19902207,1716100235,42089,8943742,114
19902208,1716100247,53072,25479853,139
19902209,1716100259,33241,6325178,77
19902210,1716100271,76724,6247967,50
19902211,1716100283,63977,29979922,165
19902212,1716100295,190424,18599365,164
19902213,1716100307,60748,12805962,93
19902214,1716100319,42794,9647498,94
19902215,1716100331,51561,10406602,127
19902216,1716100343,154717,29748994,176
19902217,1716100355,43029,9668459,107
19902218,1716100367,64888,12068516,135
19902219,1716100379,53796,10256051,105
19902220,1716100391,47165,25355805,122
19902221,1716100403,47615,9995728,109
19902222,1716100415,62038,12458975,141
19902223,1716100427,66897,25803487,123
19902224,1716100439,44122,8141460,89
19902225,1716100451,170652,13701089,126
19902226,1716100463,86435,17503905,218
19902227,1716100475,64541,16617058,151
19902228,1716100487,46018,12807448,100
19902229,1716100499,36756,8193798,88
19902230,1716100511,86370,29992487,151
19902231,1716100523,37584,7141495,68
19902232,1716100535,42893,8968801,120
19902233,1716100547,277901,29987431,141
19902234,1716100559,39538,8580534,99
19902235,1716100571,51544,14008350,102
19902236,1716100583,69336,13850069,225
19902237,1716100595,55480,10552916,141
19902238,1716100607,8061,1620931,24
19902239,1716100619,116136,29999733,282
19902240,1716100631,180200,29981320,156
19902241,1716100643,32067,6278783,87
19902242,1716100655,64367,12476227,163
19902243,1716100667,41270,22074406,104
19902244,1716100679,43439,9002271,109
19902245,1716100691,49571,24298018,134
19902246,1716100703,38193,8067517,100
19902247,1716100715,46208,8387867,97
19902248,1716100727,59579,24369777,133
19902249,1716100739,158372,15985784,136
19902250,1716100751,51603,11089122,91
19902251,1716100763,37902,6788260,103
19902252,1716100775,85337,29976810,162
19902253,1716100799,67173,15331935,165
19902254,1716100811,51013,12152148,139
19902255,1716100823,7747,3993311,30
19902256,1716100835,156426,29790725,119
19902257,1716100847,33749,8551958,68
19902258,1716100859,165952,17906972,216
19902259,1716100871,112305,23165479,238
19902260,1716100883,44720,10485292,115
19902261,1716100895,53185,11832467,112
19902262,1716100907,170325,16727958,151
19902263,1716100919,49825,10493513,93
19902264,1716100931,11425,2208530,47
19902265,1716100943,70472,28254453,188
19902266,1716100955,77421,29840191,184
19902267,1716100967,29487,7377928,94
19902268,1716100979,8199,1138627,23
19902269,1716100991,221279,29992961,222
19902270,1716101003,77040,14097226,142
19902271,1716101015,50684,11902631,115
19902272,1716101027,55581,25673151,112
19902273,1716101039,56190,9416452,104
19902274,1716101051,88354,17344406,160
19902275,1716101063,141843,12267494,122
19902276,1716101075,9995,2045900,31
19902277,1716101087,80056,29985680,153
19902278,1716101099,80096,18413780,174
19902279,1716101111,41641,8899480,104
19902280,1716101123,55869,9983175,117
19902281,1716101135,8317,1795934,30
19902282,1716101147,125137,29984248,113
19902283,1716101159,84308,29990705,166
19902284,1716101171,131696,10733764,126
19902285,1716101183,50358,10907507,120
19902286,1716101195,55064,10972103,123
19902287,1716101207,52073,23636110,114
19902288,1716101219,35758,7066523,75
19902289,1716101231,57864,25563409,136
19902290,1716101243,13398,2691499,45
19902291,1716101255,17413,3041262,47
19902292,1716101267,122223,29991190,287
19902293,1716101279,93317,29980540,176
19902294,1716101291,164311,11725407,120
19902295,1716101303,63689,11310376,108
19902296,1716101315,63631,11500488,116
19902297,1716101327,45230,9681023,124
19902298,1716101339,158043,29975441,245
19902299,1716101351,56620,11763045,126
19902300,1716101363,61289,12978769,158
19902301,1716101375,50046,11242154,122
19902302,1716101387,15140,3180219,45
19902303,1716101399,75208,29990415,228
19902304,1716101411,173017,18870766,162
19902305,1716101423,42005,10217840,112
19902306,1716101435,18382,2645509,34
19902307,1716101447,69204,29991346,191
19902308,1716101459,9470,1643541,26
19902309,1716101471,174161,29996921,308
19902310,1716101483,84408,16549450,172
19902311,1716101495,57076,11013116,110
19902312,1716101507,47798,16339239,106
19902313,1716101519,57056,10130083,118
19902314,1716101531,202414,26283356,307
19902315,1716101543,49041,9610486,102
19902316,1716101555,51794,11056554,114
19902317,1716101567,58139,18757388,115
19902318,1716101579,52977,8859495,100
19902319,1716101591,183964,23129606,172
19902320,1716101603,160411,18048572,172
19902321,1716101615,40143,8619257,90
19902322,1716101627,62672,12706347,130
19902323,1716101639,5683,999490,25
19902324,1716101651,113885,29983163,205
19902325,1716101663,47448,26750117,89
19902326,1716101675,129091,10306063,97
19902327,1716101687,92486,19902462,221
19902328,1716101699,52848,11113726,98
19902329,1716101711,201571,18829251,165
19902330,1716101723,49108,10199341,102
19902331,1716101735,82201,14061371,107
19902332,1716101747,67127,12557052,120
19902333,1716101759,46985,9502571,115
19902334,1716101771,75001,19136064,199
19902335,1716101783,50716,9452970,89
19902336,1716101795,52442,10895892,117
19902337,1716101807,75264,18568647,129
19902338,1716101819,164214,17092575,151
19902339,1716101831,57725,10451506,185
19902340,1716101843,376037,27329413,144
19902341,1716101855,66033,12888816,167
19902342,1716101867,61159,12670595,152
19902343,1716101879,63302,12662630,148
19902344,1716101891,64482,12642023,136
19902345,1716101903,193760,22250691,156
19902346,1716101915,56570,11997937,130
19902347,1716101927,59261,17805497,134
19902348,1716101939,61253,10720496,127
19902349,1716101951,63215,14098218,164
19902350,1716101963,39149,12935749,93
19902351,1716101975,82400,19782512,174
19902352,1716101987,64936,12375055,133
19902353,1716101999,23650,10449797,73
19902354,1716102011,251077,29929166,380
19902355,1716102023,38682,8766323,140
19902356,1716102035,88176,15921179,215
19902357,1716102047,56365,10049999,122
19902358,1716102059,62301,13775162,155
19902359,1716102071,87004,18574511,195
19902360,1716102083,48551,9461024,107
19902361,1716102095,73839,12567096,131
19902362,1716102107,83756,29530826,135
19902363,1716102119,151979,24636903,103
19902364,1716102131,60623,11899235,134
19902365,1716102143,80268,15612643,111
19902366,1716102155,61145,13130519,137
19902367,1716102167,35268,7145549,91
19902368,1716102179,62195,13000546,207
19902369,1716102191,19183,4880674,77
19902370,1716102203,90889,29997641,154
19902371,1716102215,186220,18436915,185
19902372,1716102227,49316,9894104,121
19902373,1716102239,59415,10814985,126
19902374,1716102251,35833,7595243,85
19902375,1716102263,99110,29981665,220
19902376,1716102275,93128,19487656,208
19902377,1716102287,163774,11529520,113
19902378,1716102299,57029,12113778,135
19902379,1716102311,68545,14096523,155
19902380,1716102323,46431,8847392,105
19902381,1716102335,167419,15366165,138
19902382,1716102347,39384,13206320,116
19902383,1716102359,76984,29041897,112
19902384,1716102371,57053,13145812,166
19902385,1716102383,51764,10624237,153
19902386,1716102395,48775,9752119,98
19902387,1716102407,51088,11925731,169
19902388,1716102419,99847,29766334,142
19902389,1716102431,176143,13657627,130
19902390,1716102443,43562,10834477,145
19902391,1716102455,54465,11524285,139
19902392,1716102467,56430,12969011,113
19902393,1716102479,7736,1358056,28
19902394,1716102491,293395,29997642,447
19902395,1716102503,15053,3537042,38
19902396,1716102515,129528,29980309,409
19902397,1716102527,83911,18715269,188
19902398,1716102539,80947,15122948,170
19902399,1716102551,178332,16002287,176
19902400,1716102563,54053,9994205,128
19902401,1716102575,34657,7089145,93
19902402,1716102587,93726,29992283,167
19902403,1716102599,61546,13454697,132
19902404,1716102611,77697,14732339,149
19902405,1716102623,9013,1886050,28
19902406,1716102635,110733,29978990,230
19902407,1716102647,166055,13293054,125
19902408,1716102659,101476,20335658,218
19902409,1716102671,48184,10340161,140
19902410,1716102683,67248,14172586,135
19902411,1716102695,38605,8784456,93
19902412,1716102707,98548,29997903,178
19902413,1716102719,170433,15376761,139
19902414,1716102731,56454,10778980,131
19902415,1716102743,86567,16418332,173
19902416,1716102755,35311,7173134,81
19902417,1716102767,176587,18033582,204
19902418,1716102791,14488,3609530,59
19902419,1716102803,115876,24927176,265
19902420,1716102815,187036,22491122,210
19902421,1716102827,62850,11446139,125
19902422,1716102839,33025,7223721,83
19902423,1716102851,72304,21375545,159
19902424,1716102863,49791,10964079,118
19902425,1716102875,105966,24631130,281
19902426,1716102887,37742,8168617,107
19902427,1716102899,11199,2120459,28
19902428,1716102911,149034,29989689,654
19902429,1716102923,76827,17508761,171
19902430,1716102935,13322,2724944,36
19902431,1716102947,67609,29986359,167
19902432,1716102959,201904,19663269,177
19902433,1716102971,40252,8617215,130
19902434,1716102983,71002,13056091,167
19902435,1716102995,29834,5166608,68
19902436,1716103007,85626,29998511,171
19902437,1716103019,163126,12028838,125
19902438,1716103031,68162,13832778,174
19902439,1716103043,39588,29996100,120
19902440,1716103055,41889,9904024,124
19902441,1716103067,55283,11165171,134
19902442,1716103079,66640,12205306,166
19902443,1716103091,171581,13330558,138
19902444,1716103103,57163,11303653,134
19902445,1716103115,88500,25118654,277
19902446,1716103127,44189,12357220,110
19902447,1716103139,46860,8337852,107
19902448,1716103151,96524,26074417,200
19902449,1716103163,36517,7707691,96
19902450,1716103175,90302,23508905,196
19902451,1716103187,156006,8961997,104
19902452,1716103199,30889,8032869,102
19902453,1716103211,76802,14985077,157
19902454,1716103223,64960,29955325,193
19902455,1716103235,42115,11893706,118
19902456,1716103247,49378,10370356,124
19902457,1716103259,73944,14629427,183
19902458,1716103271,59688,13263537,129
19902459,1716103283,55921,10313536,91
19902460,1716103295,170415,29998440,111
19902461,1716103307,187934,15575615,138
19902462,1716103319,38782,9256544,98
19902463,1716103331,70393,17188653,217
19902464,1716103343,42995,9353097,102
19902465,1716103355,49881,10913410,127
19902466,1716103367,69869,29983426,145
19902467,1716103379,133246,11833388,96
19902468,1716103391,62345,13549209,167
19902469,1716103403,36590,8383763,105
19902470,1716103415,82601,18821732,155
19902471,1716103427,37591,8094351,110
19902472,1716103439,64209,29924567,169
19902473,1716103451,60062,12529730,161
19902474,1716103463,76034,21160392,132
19902475,1716103475,48076,9012215,105
19902476,1716103487,41631,18483923,133
19902477,1716103499,157030,9580336,72
19902478,1716103511,59943,11939219,179
19902479,1716103523,40259,7306258,89
19902480,1716103535,70665,29961069,152
19902481,1716103547,61172,12710869,124
19902482,1716103559,81739,14300629,139
19902483,1716103571,169185,9902461,114
19902484,1716103583,65861,12421679,136
19902485,1716103595,78306,14684016,178
19902486,1716103607,198595,19221971,190
19902487,1716103619,56011,12211407,133
19902488,1716103631,76330,15805267,177
19902489,1716103643,162359,14982754,159
19902490,1716103655,38089,7262860,94
19902491,1716103667,79287,29993976,444
19902492,1716103679,47373,8920308,115
19902493,1716103691,87118,14180861,157
19902494,1716103703,67235,11617175,142
19902495,1716103715,61178,23899110,105
19902496,1716103727,167552,15093636,149
19902497,1716103739,56192,10322015,112
19902498,1716103751,61016,10289707,110
19902499,1716103763,62267,25185095,142
19902500,1716103775,83650,17384778,225
19902501,1716103787,34679,7010581,93
19902502,1716103799,100944,16989217,165
19902503,1716103811,55362,12407063,185
19902504,1716103823,192294,17707022,200
19902505,1716103835,53255,10993394,123
19902506,1716103847,88541,24696512,192
19902507,1716103859,54564,12756502,107
19902508,1716103871,41262,9402961,129
19902509,1716103883,204119,22438307,213
19902510,1716103895,47662,10749789,130
19902511,1716103907,132369,10591310,129
19902512,1716103919,78060,27940041,157
19902513,1716103931,62675,10800300,116
19902514,1716103943,67178,14117594,144
19902515,1716103955,54788,10483320,124
19902516,1716103967,87030,12476340,129
19902517,1716103979,36103,21098551,114
19902518,1716103991,50281,9879237,132
19902519,1716104003,46697,29986751,74
19902520,1716104015,230434,23892387,247
19902521,1716104027,39649,10249185,90
19902522,1716104039,61570,11944905,134
19902523,1716104051,166067,16836965,154
19902524,1716104063,17697,4338762,59
19902525,1716104075,110347,23866164,192
19902526,1716104087,64486,12916480,123
19902527,1716104099,87749,24007465,164
19902528,1716104111,55311,12821348,123
19902529,1716104123,45399,8221550,87
19902530,1716104135,51580,11182275,149
19902531,1716104147,57390,10568393,119
19902532,1716104159,224555,29077976,226
19902533,1716104171,39706,16830873,139
19902534,1716104183,62581,14265196,146
19902535,1716104195,38826,8577978,86
19902536,1716104207,55516,12151138,143
19902537,1716104219,182420,20153443,205
19902538,1716104231,58002,11991507,145
19902539,1716104243,100227,18998265,131
19902540,1716104255,48928,10118113,134
19902541,1716104267,47758,10744451,114
19902542,1716104279,80151,15376913,147
19902543,1716104291,153673,13077454,122
19902544,1716104303,102343,19668274,186
19902545,1716104315,40855,8968445,118
19902546,1716104327,78399,14128760,166
19902547,1716104339,5522,957060,23
19902548,1716104351,267254,29993817,756
19902549,1716104363,140947,27347743,288
19902550,1716104375,170210,13159737,114
19902551,1716104387,39708,10437615,139
19902552,1716104399,44879,9955951,117
19902553,1716104411,75136,13406349,137
19902554,1716104423,66504,27119311,149
19902555,1716104435,55029,12411351,154
19902556,1716104447,9644,1755506,28
19902557,1716104459,80738,29992047,361
19902558,1716104471,198695,26055845,258
19902559,1716104483,54851,11957993,125
19902560,1716104495,35339,7995224,101
19902561,1716104507,46236,29992839,57
19902562,1716104519,102183,18850764,192
19902563,1716104531,60665,11579268,146
19902564,1716104543,50977,11484803,121
19902565,1716104555,39788,16650205,113
19902566,1716104567,88734,12510556,128
19902567,1716104579,43356,8919457,92
19902568,1716104591,183627,18058803,156
19902569,1716104603,48133,10252436,106
19902570,1716104615,61011,11995047,115
19902571,1716104627,40418,29943476,68
19902572,1716104639,164026,20054281,191
19902573,1716104651,45409,6623137,84
19902574,1716104675,15825,2975931,61
19902575,1716104687,237218,29997967,307
19902576,1716104699,72426,13334344,128
19902577,1716104711,42361,8878071,105
19902578,1716104723,75288,15962381,176
19902579,1716104735,149247,13107251,126
19902580,1716104747,76971,16203055,173
19902581,1716104759,43345,29988537,101
19902582,1716104771,66801,13385757,135
19902583,1716104783,62746,11672583,116
19902584,1716104795,5519,962548,27
19902585,1716104807,7831,2442810,10
19902586,1716104819,157061,29983834,750
19902587,1716104831,9981,1979899,16
19902588,1716104843,140348,29980698,367
19902589,1716104855,135353,29984458,320
19902590,1716104867,177296,16776833,137
19902591,1716104879,11196,2942882,41
19902592,1716104891,126154,23013985,249
19902593,1716104903,6283,1104888,27
19902594,1716104915,184689,29968597,125
19902595,1716104927,102951,22943415,207
19902596,1716104939,48289,11597333,113
19902597,1716104951,56937,12489888,152
19902598,1716104963,70870,12171721,145
19902599,1716104975,55798,10477589,118
19902600,1716104987,45776,10845339,138
19902601,1716104999,74459,15121421,154
19902602,1716105011,186740,15375351,173
19902603,1716105023,55696,10374124,118
19902604,1716105035,106332,29993360,161
19902605,1716105047,64231,12635815,131
19902606,1716105059,39891,8535472,123
19902607,1716105071,91911,18358033,180
19902608,1716105083,46952,9848365,103
19902609,1716105095,9399,1972695,35
19902610,1716105107,16047,9186543,50
19902611,1716105119,271903,29996750,587
19902612,1716105131,47947,29982983,138
19902613,1716105143,44389,8568127,101
19902614,1716105155,103307,28553394,223
19902615,1716105167,149337,9193318,85
19902616,1716105179,93947,18985483,203
19902617,1716105191,52341,10931290,112
19902618,1716105203,54042,18897642,129
19902619,1716105215,43298,10678212,109
19902620,1716105227,47921,10282977,128
19902621,1716105239,34804,29995848,87
19902622,1716105251,74820,15398392,200
19902623,1716105263,165565,9915119,87
19902624,1716105275,61845,14180977,138
19902625,1716105287,75057,15278706,158
19902626,1716105299,51041,13340948,124
19902627,1716105311,93282,18670000,193
19902628,1716105323,66923,11508512,125
19902629,1716105335,143005,12813659,134
19902630,1716105347,51317,10587888,119
19902631,1716105359,49583,10116722,109
19902632,1716105371,95696,18317195,186
19902633,1716105383,69570,19710636,156
19902634,1716105395,53400,11285001,116
19902635,1716105407,65095,13172607,133
19902636,1716105419,5689,1126691,29
19902637,1716105431,115231,29997655,400
19902638,1716105443,90030,20590695,182
19902639,1716105455,186663,16953731,187
19902640,1716105467,48703,10375202,93
19902641,1716105479,48787,10599464,120
19902642,1716105491,87531,16336131,166
19902643,1716105503,49384,10497010,131
19902644,1716105515,115683,21495894,193
19902645,1716105527,41513,10493091,116
19902646,1716105539,47636,11993857,140
19902647,1716105551,49000,29983838,99
19902648,1716105563,126125,7973915,103
19902649,1716105575,82961,22864637,177
19902650,1716105587,57302,12020720,127
19902651,1716105599,51229,10917919,119
19902652,1716105611,114721,24503550,333
19902653,1716105623,83078,19726423,202
19902654,1716105635,74444,15797766,187
19902655,1716105647,197544,13612224,108
19902656,1716105659,59654,13616398,150
19902657,1716105671,60277,12252687,169
19902658,1716105683,82395,15467458,138
19902659,1716105695,49209,10792810,123
19902660,1716105707,126574,9741983,95
19902661,1716105719,3522,895236,4
19902662,1716105731,154290,29993880,720
19902663,1716105743,56112,11537207,142
19902664,1716105755,45875,9553959,119
19902665,1716105767,59570,29997982,95
19902666,1716105779,122036,28013656,287
19902667,1716105791,47422,10125061,112
19902668,1716105803,44151,9093174,114
19902669,1716105815,48181,10284706,125
19902670,1716105827,4391,988059,19
19902671,1716105839,147847,29999858,593
19902672,1716105851,220521,21674945,202
19902673,1716105863,48889,10852158,137
19902674,1716105875,48141,9434544,126
19902675,1716105887,7941,1414534,39
19902676,1716105899,281992,29999335,749
19902677,1716105911,178595,22721536,195
19902678,1716105923,60097,13316137,192
19902679,1716105935,55188,12111145,136
19902680,1716105947,67573,13276339,142
19902681,1716105959,99799,16474098,181
19902682,1716105971,54090,11056654,122
19902683,1716105983,45076,9307653,144
19902684,1716105995,88585,29994136,339
19902685,1716106007,196585,16128819,157
19902686,1716106019,66200,13671494,159
19902687,1716106031,50224,11112998,157
19902688,1716106043,74490,14328496,153
19902689,1716106055,55134,11926494,131
19902690,1716106067,65779,11548545,111
19902691,1716106079,13727,2749104,41
19902692,1716106091,81922,29993080,410
19902693,1716106103,102755,17692674,180
19902694,1716106115,60814,15000820,130
19902695,1716106127,34666,29984014,66
19902696,1716106139,126700,10672095,150
19902697,1716106151,129887,28110017,337
19902698,1716106163,20202,3880917,73
19902699,1716106175,158403,12599036,134
19902700,1716106187,77757,16153684,168
19902701,1716106199,9624,1679574,40
19902702,1716106211,105140,29980682,162
19902703,1716106223,102125,22531442,249
19902704,1716106235,49014,10864040,113
19902705,1716106247,148000,12832650,111
19902706,1716106259,58168,11425824,127
19902707,1716106271,55473,12326945,157
19902708,1716106283,48191,11476899,121
19902709,1716106295,114969,19738089,200
19902710,1716106307,55645,15095642,139
19902711,1716106319,55026,11368849,140
19902712,1716106331,97515,18060405,188
19902713,1716106343,53666,10154965,140
19902714,1716106355,312528,23396420,188
19902715,1716106367,44177,10807556,111
19902716,1716106379,45548,26474523,117
19902717,1716106391,61924,13024661,143
19902718,1716106403,71755,13027476,108
19902719,1716106415,41202,9966093,116
19902720,1716106427,35411,7910550,106
19902721,1716106439,232058,23821954,216
19902722,1716106451,61045,14851015,154
19902723,1716106463,94926,15366784,147
19902724,1716106475,57974,11031060,104
19902725,1716106487,16388,3459533,52
19902726,1716106499,136555,29983662,370
19902727,1716106511,131550,29990580,132
19902728,1716106523,98331,19125448,182
19902729,1716106535,51508,11031204,125
19902730,1716106547,47709,9506380,109
19902731,1716106559,63300,12054176,135
19902732,1716106571,78845,16606709,213
19902733,1716106583,28637,5438951,72
19902734,1716106595,53268,29999503,120
19902735,1716106607,155074,15100278,156
19902736,1716106619,49709,11161626,114
19902737,1716106643,235491,23310148,240
19902738,1716106655,44727,9382399,127
19902739,1716106667,56594,16626891,127
19902740,1716106679,79863,14889670,145
19902741,1716106691,38375,8688221,95
19902742,1716106703,73308,14116154,154
19902743,1716106715,52620,14826529,123
19902744,1716106727,44281,10620473,111
19902745,1716106739,185442,29947838,176
19902746,1716106751,40257,9554156,102
19902747,1716106763,47298,9629363,101
19902748,1716106775,27101,29999195,110
19902749,1716106787,64883,13785362,181
19902750,1716106799,48337,10913424,152
19902751,1716106811,74752,15473739,182
19902752,1716106823,64049,12550148,150
19902753,1716106835,170562,19203241,217
19902754,1716106847,163586,13058560,168
19902755,1716106859,63754,13800887,166
19902756,1716106871,50618,19859496,127
19902757,1716106883,65159,19321428,185
19902758,1716106895,75190,13012513,147
19902759,1716106907,19932,4721278,38
19902760,1716106919,158492,26751603,251
19902761,1716106931,24576,5548279,83
19902762,1716106943,190723,25603873,203
19902763,1716106955,68630,14959999,141
19902764,1716106967,56671,15085934,113
19902765,1716106979,47602,11160620,130
19902766,1716106991,74132,16065878,173
19902767,1716107003,56290,12325201,113
19902768,1716107015,156274,12928880,149
19902769,1716107027,50703,16972578,123
19902770,1716107039,57197,12940393,147
19902771,1716107051,88477,16356114,193
19902772,1716107063,69450,14646757,143
19902773,1716107075,64063,12979163,148
19902774,1716107087,64343,12514887,163
19902775,1716107099,41120,9807429,126
19902776,1716107111,79811,20272785,217
19902777,1716107123,44630,9344977,107
19902778,1716107135,53450,29740734,135
19902779,1716107147,165148,13632354,182
19902780,1716107159,35845,9278837,111
19902781,1716107171,100550,17771121,228
19902782,1716107183,67830,15635526,149
19902783,1716107195,186289,17425212,157
19902784,1716107207,31733,7875606,88
19902785,1716107219,7823,1441595,28
19902786,1716107231,128396,29993537,234
19902787,1716107243,98810,25921345,202
19902788,1716107255,59359,12115261,145
19902789,1716107267,13170,2251360,42
19902790,1716107279,96459,18636711,195
19902791,1716107291,156768,19761896,127
19902792,1716107303,78696,20773317,112
19902793,1716107315,47465,10928414,119
19902794,1716107327,4188,1218445,14
19902795,1716107339,135228,29985797,254
19902796,1716107351,67278,20425887,139
19902797,1716107375,194009,21902375,245
19902798,1716107387,41607,8835704,105
19902799,1716107399,179729,15831145,121
19902800,1716107411,88580,18875862,312
19902801,1716107423,156791,17547815,152
19902802,1716107435,28947,9511174,103
19902803,1716107447,42843,8492123,111
19902804,1716107459,58604,11550305,162
19902805,1716107471,17413,3925863,86
19902806,1716107483,70358,29994161,182
19902807,1716107495,71961,16518583,174
19902808,1716107507,54948,10876878,130
19902809,1716107519,66228,13404531,144
19902810,1716107543,227619,23663918,229
19902811,1716107555,59458,11787842,144
19902812,1716107567,53251,13034524,118
19902813,1716107579,89739,14575251,140
19902814,1716107591,61773,12432979,155
19902815,1716107603,16576,3076022,32
19902816,1716107615,16955,3855660,40
19902817,1716107627,96693,29997053,136
19902818,1716107639,134343,29964068,287
19902819,1716107651,152783,13143135,147
19902820,1716107663,67527,14959267,147
19902821,1716107675,43746,10016961,103
19902822,1716107687,70612,15208634,147
19902823,1716107699,65749,13171242,131
19902824,1716107711,187237,14231337,119
19902825,1716107723,57468,12424353,140
19902826,1716107735,68664,11870728,155
19902827,1716107747,9833,1921661,33
19902828,1716107759,84299,29998913,312
19902829,1716107771,107098,29995317,214
19902830,1716107783,57686,10599999,103
19902831,1716107795,134857,8833599,104
19902832,1716107807,81174,13975432,182
19902833,1716107819,37928,30023361,87
19902834,1716107831,23138,4769005,89
19902835,1716107843,119987,19335609,223
19902836,1716107855,112134,25331626,308
19902837,1716107867,38082,9954240,107
19902838,1716107879,83311,15207137,148
19902839,1716107891,72863,15570530,145
19902840,1716107903,52344,10567920,105
19902841,1716107915,207382,23284445,205
19902842,1716107927,48412,11132041,127
19902843,1716107939,45300,8584294,87
19902844,1716107951,41792,8891877,107
19902845,1716107963,110064,21912946,163
19902846,1716107975,181233,20644710,204
19902847,1716107987,45243,10332051,123
19902848,1716107999,60279,13022938,153
19902849,1716108011,59700,14872046,146
19902850,1716108023,79752,18407948,158
19902851,1716108035,63729,14137635,146
19902852,1716108047,125238,10641698,116
19902853,1716108059,59985,13111359,143
19902854,1716108071,38067,29979388,87
19902855,1716108083,7049,1299577,34
19902856,1716108095,164412,29936108,292
19902857,1716108107,68577,12982198,145
19902858,1716108119,47612,8987185,111
19902859,1716108131,204115,20772921,198
19902860,1716108143,54190,8303065,97
19902861,1716108155,40505,25004632,111
19902862,1716108167,68201,12794880,138
19902863,1716108179,177504,12096718,123
19902864,1716108191,159184,19173578,212
19902865,1716108203,54689,11308775,116
19902866,1716108215,50632,10337864,124
19902867,1716108227,57013,28870404,135
19902868,1716108239,155513,12600490,142
19902869,1716108251,52587,11967918,137
19902870,1716108263,70458,14732951,156
19902871,1716108275,113568,15032119,143
19902872,1716108287,8594,1607681,32
19902873,1716108299,77581,29969410,137
19902874,1716108311,181538,23508922,294
19902875,1716108323,45735,9476677,106
19902876,1716108335,48524,9834787,115
19902877,1716108347,48495,10172399,128
19902878,1716108359,74729,18328338,190
19902879,1716108371,69049,14714458,159
19902880,1716108383,82929,14643152,157
19902881,1716108395,158252,12992574,103
19902882,1716108407,94796,19846028,187
19902883,1716108419,50700,9750455,120
19902884,1716108431,48608,29342722,173
19902885,1716108443,64021,12488095,134
19902886,1716108455,14979,2760075,51
19902887,1716108467,189630,29993648,228
19902888,1716108479,88847,19045446,173
19902889,1716108491,65286,12828702,136
19902890,1716108503,41147,9888277,109
19902891,1716108515,81854,17146437,159
19902892,1716108527,9286,1861535,37
19902893,1716108539,153070,26861019,282
19902894,1716108551,188638,22851969,166
19902895,1716108563,83380,12870174,168
19902896,1716108575,87227,17461198,155
19902897,1716108587,65225,13595803,148
19902898,1716108599,47373,11129336,132
19902899,1716108611,150631,18679693,198
19902900,1716108623,39761,12691620,108
19902901,1716108635,61852,11928219,129
19902902,1716108647,54884,12317938,192
19902903,1716108659,47358,11949658,161
19902904,1716108671,172328,26510647,215
19902905,1716108683,69460,14485211,118
19902906,1716108695,14597,2719372,45
19902907,1716108707,90709,19565538,246
19902908,1716108719,39576,10317307,107
19902909,1716108731,57841,29994731,160
19902910,1716108743,57307,24142179,128
19902911,1716108755,57159,10771347,116
19902912,1716108767,46867,10521805,131
19902913,1716108779,33936,7877671,128
19902914,1716108791,175527,15776030,183
19902915,1716108803,42716,9349734,108
19902916,1716108815,98570,26346389,231
19902917,1716108827,133564,12566734,100
19902918,1716108839,63779,12004710,136
19902919,1716108851,52998,10383808,128
19902920,1716108863,41386,8889501,124
19902921,1716108875,236081,29992076,263
19902922,1716108887,53181,10936337,139
19902923,1716108899,150888,12486244,140
19902924,1716108911,25388,6106369,94
19902925,1716108923,153842,29981010,388
19902926,1716108935,52704,12448875,110
19902927,1716108947,74441,14213272,144
19902928,1716108959,42614,9697383,130
19902929,1716108971,63265,13049155,165
19902930,1716108983,186069,23552447,163
19902931,1716108995,42834,10323387,122
19902932,1716109007,188599,21112735,151
19902933,1716109019,41955,9150617,103
19902934,1716109031,50902,11119150,160
19902935,1716109043,98093,20880247,263
19902936,1716109055,114370,7339498,102
19902937,1716109067,83663,14907108,197
19902938,1716109079,62025,12217177,168
19902939,1716109091,89181,22021948,263
19902940,1716109103,58877,13398805,126
19902941,1716109115,54523,12217881,117
19902942,1716109127,74178,14196562,150
19902943,1716109139,43926,10347860,123
19902944,1716109151,80181,28881836,190
19902945,1716109163,32630,6508429,77
19902946,1716109175,29445,5364864,94
19902947,1716109187,86791,29979581,193
19902948,1716109199,31605,6975719,95
19902949,1716109211,177273,29977966,220
19902950,1716109223,137510,29976695,360
19902951,1716109235,50571,10030706,154
19902952,1716109247,168670,15853378,178
19902953,1716109259,37797,11082403,102
19902954,1716109271,78853,17088981,192
19902955,1716109283,58588,13298161,130
19902956,1716109295,53286,11629126,152
19902957,1716109307,65548,21886286,152
19902958,1716109319,137240,12757570,137
19902959,1716109331,59985,12137488,146
19902960,1716109343,42919,9650730,127
19902961,1716109355,84599,20817401,215
19902962,1716109367,33426,7306017,95
19902963,1716109379,51160,10417202,108
19902964,1716109391,139270,25601629,299
19902965,1716109403,31637,6318020,106
19902966,1716109415,185949,16738792,149
19902967,1716109427,83686,16592506,196
19902968,1716109439,39109,7988370,99
19902969,1716109451,124782,27452075,224
19902970,1716109463,42638,8860351,111
19902971,1716109475,55262,11777141,157
19902972,1716109487,74341,12176494,131
19902973,1716109499,63962,26566886,180
19902974,1716109511,19062,4138451,49
19902975,1716109523,66151,29909693,182
19902976,1716109535,71119,18457143,193
19902977,1716109547,41423,9374251,105
19902978,1716109559,182471,17217106,175
19902979,1716109571,147202,13596364,167
19902980,1716109583,10760,1988406,37
19902981,1716109595,113167,25494803,268
19902982,1716109607,92667,15949211,178
19902983,1716109619,9025,1595285,50
19902984,1716109631,69606,29985807,190
19902985,1716109643,82526,18203960,177
19902986,1716109655,62075,13234404,129
19902987,1716109667,78980,13913083,145
19902988,1716109679,10276,1825251,41
19902989,1716109691,138403,29990813,221
19902990,1716109703,195264,17383230,196
19902991,1716109715,66050,12491378,141
19902992,1716109727,64310,29172237,123
19902993,1716109739,62080,13475949,104
19902994,1716109751,42043,9639901,117
19902995,1716109763,11579,2102912,53
19902996,1716109775,216368,21750343,210
19902997,1716109787,45046,26312641,107
19902998,1716109799,33553,6905250,101
19902999,1716109811,72606,15058631,198
